address,score
0x74EF51C27c9984f34b3F7F80E8259cC1bB04e37C,1.00
0x77B476429826C5ba77885D08F272d89D8F1Ed0e4,0.88
0xcAB28BE5F5315407d9faC010F8435628f0124017,0.80
0x76D84163bc0BbF58d6d3F2332f8A9c5B339dF983,0.69
0xE04885c3f1419C6E8495C33bDCf5F8387cd88846,0.35
0x0AB7C4123e84c975008fcfcb14f07152bb711F82,0.31
0x35B2A533F02234342d9352fb9Fbc1eE0C1703198,0.29
0x398137383B3D25C92898C656696e41950e47316B,0.29
0xdd3767ABcAB26f261e2508A1DA1914053c7DDa78,0.29
0xbC553aA555dDA86b9c9b5366447930B7cAf8da8b,0.29
0xCc39f4f4A764B118E1a39E2Def59559e0F886aa3,0.29
0x73677662f66088236dDFc95DA42e405Cf3F4ce13,0.28
0x47Ce377120ed597852839731BA7e9Ae301773385,0.24
0x536299a4fCF0d1d492596C2C816fc20F3F7Ec557,0.22
0xdBAb9585BB07278403284282073119cCA177b4c7,0.22
0xBD19a3F0A9CaCE18513A1e2863d648D13975CB30,0.22
0x21b02E9131D1BADE784a7874967DCb8Ef243F2A4,0.22
0x76E6c1D939eFf3727376d0aBEbc36d2b7af7BDd2,0.22
0x68F6F2Db8D5D28fb7d837675781C2d391f5F02c0,0.22
0xA11DA8B2D9A7883eb636d7de426025e5fD9fda1A,0.22
0x708621feA6a3e127f775886f4fcC5A7EDC6cc736,0.21
0x0611Ed2D84F338b8918E16e0BCAAD513265F60CB,0.20
0xA7a5A2745f10D5C23d75a6fd228A408cEDe1CAE5,0.19
0x224aBa5D489675a7bD3CE07786FAda466b46FA0F,0.19
0x14185559Bc21C98B9Dec8bAe14cE3Db172B506Af,0.19
0x1dF428833f2C9FB1eF098754e5D710432450d706,0.19
0xdf26c161C73D4d02d53aD21863df8623Db38f1ce,0.19
0xDF56f967cE2f81298AC177fF828897CB33ea2243,0.19
0x6eD68a1982ac2266ceB9C1907B629649aAd9AC20,0.19
0xcAa3a3c852442F06806170D137248bb21ddb0E1B,0.19
0x5952788924bF35B85d2BAA9509349baaF3159cD7,0.19
0x6897aBe0fD62B589260784B21F4ca3F78A0D8017,0.17
0x0e950e75B652878E6A3D3Ecb6E5797452A918A05,0.17
0x84fA671876c14bEe62f2f4C1B7209C7d68b02b78,0.17
0x0B96B6344b2a8d00B610992d0e6AfB90C24bcFA3,0.17
0x3E31155a1c17c9F85e74828447aec412090a4622,0.17
0x7137931f8e93928E835EC0946A8B78a8a8887900,0.17
0x7003849fC9F3c70b5E90619F01522be94a38816F,0.17
0xcb208d4A2BA7A51294Eff282B5a7C1531898D9dD,0.16
0xe9b33Dcb4fac16766CC56C2d4c18Fa2B6d9e1157,0.14
0x80c6faee58AE12c0812285C24085feF9B773a4D2,0.14
0xa14E5A31Af9758375598F8Fc877c86641198a168,0.14
0x652B97Bb2980cFfF724Ff9128b58DA51DaFE26bE,0.14
0x60566cb8D8dfb84d0B25A7cd3daE7C1eaDfbDb5F,0.14
0x5101A1B882F380839AF06B233F5dDaEE40941848,0.14
0xEe4Ea318D8f12a48Ad59932027ee467c70803670,0.14
0x2F45b4c0c23751339A4F95a7d91F22ea311AA7Ea,0.14
0xfcBc07905fee2D64025461B8DdB27F77f256827F,0.12
0xfa483C6f280782714813C484Ea05BaB55e9f81ad,0.12
0xe62d071Ea99A63798Fec7222c483c53e87F2A32E,0.12
0xc2615ad6938235dEb58aA48515727F1d0Ce598E6,0.12
0x1EC1CcEF3e1735bdA3F4BA698e8a524AA7c93274,0.12
0xbeC26FFa12c90217943D1b2958f60A821aE6E549,0.12
0xD2BC5cb641aE6f7A880c3dD5Aee0450b5210BE23,0.12
0x3eEFAa9d6e2ab7972C1001D41C82BB4881389257,0.12
0xEAde2cEeDeA3b8d0D1d10537f507b9d262870748,0.12
0xDA5b2cd0d0Bb26E79FB3210233dDABdB7de131C9,0.12
0xFCeDC13C1DD6ED4Cc2C063042bFa98ff0640C88E,0.12
0xeB52cd1e90f690b8E7Fb06aD7636428E58F667b1,0.12
0x56e3Dfe51274A3cC78bce719b63796A250B175C0,0.10
0x186e847B87354cfA7E7efA63093b4f17Df33671c,0.10
0x33D66941465ac776C38096cb1bc496C673aE7390,0.10
0x48c8bd589E8b81cfE13403Ec4884f71e676961db,0.10
0xCa0F403D2A602e4D8c0A6A984b973D7958FBF463,0.10
0x8fca51c7355bdb026eC2F78eEbf4B95cF93cAD1d,0.10
0x64316CBe450f89F6A8fC3dcbcd68045B493adFB7,0.10
0x64BC15E0A5A12dDbe321EEDD832d057775D11F56,0.10
0x91A3D6267317AcdFb6c4387f5Cc390C28FF63BC4,0.10
0x06Ce7AA062c3CfEF67152Ef45147213EE33D42A6,0.10
0x667Ea5905afDd6320607751F159bB742E8EA2126,0.10
0x66Ab0BC088212195b0d9e9FEB12F3f93fF6f8fF1,0.10
0xD12b78Df063fC4bC7bb12CF1f060B55a15dD759d,0.10
0xF44217A8b6b3f258BFFEaD635c226528aa516aea,0.10
0x67c5002827419b07B9956571423958a26626Ec2b,0.10
0x33878e070db7f70D2953Fe0278Cd32aDf8104572,0.10
0x99062cEda2362CE6d05AE40d4E2C991A921c8A48,0.10
0x6a932F0AE2A7A49fb24B70C8Eef6Ec0808163345,0.10
0x357843d6d1ECE85ABA4032EfA31a2e813F519261,0.10
0xD7ADf6fb56ef3fdb77f75495167783561744E34f,0.10
0x24bF6580ED276b6ff33269DD361eE00FE3a2c912,0.10
0x08f9edd4Feb42eFc388818e68dd525E87462fDb1,0.10
0xdC4EfDac43475F434482e61805E0df96D2dC1DF4,0.10
0xb7eE0B6889CD0590A590AAb01485EA164Db03307,0.10
0x378ff65Cb9E9B83B86AA2534c9991e5B28F1Ec92,0.10
0x38bc91AA6Aa434c4fae7E666F68C859292deEd95,0.10
0xe363fa6461c1A30d18C0CFF22F7dB95e5A54a900,0.10
0x7004A8b901d438B9563e8aE4130ee9Cb04C82De2,0.10
0xa54C60Bd2294a6c1c86e57787981AfAcf9ef86E7,0.10
0xe51513C5FF7318c56a48ff4773e710AC6955e007,0.10
0x1a3e6bFf390dADc331c05FDE1b043592DBb3A9Ed,0.10
0xe8E83Ddfc373BBBD22eDF5A80a30eC7DEd8f2b47,0.10
0x281eC184E704CE57570614C33B3477Ec7Ff07243,0.10
0x52217bAD145A7a80D510f24A9572781D260f33D3,0.10
0x1AEC250C13b1214C4B9935Db3C8a7610fdAaE8dD,0.10
0x2D2E4c335EEE674Bd8F2EB3622E4156EbAbC864d,0.10
0x5bC5d527587D15195e87DD53168596Eca3ee651D,0.10
0x0BB602F88BF886282fF69d4Cec937cc2A7d9E19A,0.10
0x1Df518f3442f0442195807b09292A0688c6aD40A,0.10
0x85952D1b79C953Bdcd5e108363C3b4EBFBbA3eAD,0.10
0x1E8eE48D0621289297693fC98914DA2EfDcE1477,0.10
0xBeC2635b44D26AcF54DDa59644ddB71FB0e0268D,0.10
0xbF27653C7009D0f5C54646198BDaE95e1A8C5AB5,0.10
0x8a09FB23E1c8d0FF9c9Fef0BcFc9b9e07B1f0667,0.10
0xc4Fc7F8eB43c106b7198B855aDB2860e38DA8b47,0.10
0x4718ce007293bCe1E514887E6F55ea71d9A992d6,0.10
0xc535CfdF454110F2D77064443C4310a2C4964b5A,0.10
0x20a7C35Ec4e979c67c0DDB5c5102A604E4E060A0,0.10
0x60a6348B8c7eb28D4B2CBEf648187A6d66c7d879,0.10
0x72f2c4dD290D1C08d5763c812028655CBde3FB53,0.08
0x58Ba947570D2f9b79882c444170a30827000B33a,0.08
0xb6b774Dcbd3091Fd2a0423A201791D07700c25ef,0.08
0x7EE9033aad1d11a80F1c1e8d769FeACBC97416dB,0.08
0xB78D439Ba83baCed629310207a215900e02d84A4,0.08
0xB9C62C6B68fa76bb5daD4279074ebDB6D72E3Fec,0.08
0x8242269882CD61dE8Ac878ac47D2A7432FC7BdEe,0.08
0xba0e393d0D47ae81a22f27D68BAC043BB64dDb31,0.08
0x82f9Be60fc43CE39BbE40DF22039380935FF58c8,0.08
0xBbc9368898422Cc9FfaBEf8ea66210D3D011512F,0.08
0x1e5E0982e0B81F041F4b2668E8E1f300682b6ffa,0.08
0x0E272eCeadBF50541f0a5C740082f177baF214d4,0.08
0x85524e962b11cB82EA7bAF3A00Ceff92C6368db2,0.08
0x0e5C4c325bA0Cf3eBc82f0B15c318D6620e896A7,0.08
0x148D424f74c323d3950A8562760Aa76E4C58615B,0.08
0x88bde89F94B5E5dD1ef3C054A39961BCbB33BC44,0.08
0x033E64537940e0602E8F27F571d93904C0009486,0.08
0x8B9c66fF418aadDaE7974EA006859e8BA8374aA3,0.08
0xc68844831CD4AF961eAfb5bdFFEFA4fE698B70A2,0.08
0x6100c2EC0b1A0800Dd246a7c6a922C21252bE392,0.08
0x0Eafb78D216A4d9AE725d3EF087143808695445c,0.08
0x6120faA647cd26cD6B2c1df880EfF537065C6815,0.08
0x47f793e8aF738F4b61D7e2D207C6d29c713d1A84,0.08
0xc9D94BE541Ef24cD2E402dd5F6D15676d08474F7,0.08
0x325173bC8C0F68eA1384de0377786EA3284Cf2FB,0.08
0x4a16Fc2d0826b50bBBa9f4A1729f2E56Cfca509d,0.08
0xCF653E70110315DDb9a11AE4Fc36C6716e367a14,0.08
0xd0ceCa3064Bd0F33483885f60EF40A71c125C638,0.08
0x2408a5b5a0C0e47CbE8F3B8c92b4361958b371e4,0.08
0x336F3ca6cAD963a70b8B64FaDE48c39A8de03b44,0.08
0x4B8Aa2db33df252Cb0087de8D170d652e92EbA02,0.08
0xD26cf287dA6Ae872DD14A0151E2EE30A465990E8,0.08
0x4Bce1d711EA4e033aD5E7d48d2F63fB24FE4b5E3,0.08
0xd3Dbe133AF71345A9A69894Db354161Ea7f441e9,0.08
0x4C5B9006ac613eD4805f38b460c85484231F5eE4,0.08
0x9b9C0732CfECBD446EeC92ba53dec31f2c9d88b1,0.08
0xd6c197AfB2D3F0C2549Bb542B49ed089fACA780F,0.08
0x9CceBdB9c9871B0b8c18fE43f90760C83060bFbA,0.08
0x358d930D71Fa424BA4fEE2a48A2e87FDA55993E1,0.08
0x9f771F779B88178de06291A2caA8E4BDc56dc184,0.08
0x071903cC9a767A845Fcd3aB7373e4d5328522481,0.08
0x18c5A9D555D197c9C42e63cA646716EfDC20C676,0.08
0xdeCc4ac78838d0178A418349b8cE6205f3c1905e,0.08
0x18e2728b00678F886150CAAc59cE468B7F7a7aF9,0.08
0x26ceE1c87b7910c42Ac83a3b617c2932F13B9044,0.08
0x4fbfadF58cf32E7c616ED09D74318fe30C7071d4,0.08
0xE3a17b05F01C1b28585Ba2341ede238641cF32E7,0.08
0xe64063c7688DB1Ac863D0DaA3dBca41aB4E6b465,0.08
0xA587B5aa3ddF49559CdE74140456BF65D716F30a,0.08
0x4Ff9371B4DB3F0771E34f6cF4bD33312bC993E0A,0.08
0xA770A33CBf2e97A0eAED41AfaBddB997661CC24a,0.08
0x27CDF5Ca6cD49Abd44Fa030dECF743B730310443,0.08
0xE9Cc651f1CFAf869b88E8BA945C15E1d9c609AB5,0.08
0xEaa24cdE31A65AC72DFf0ea673735d70625CF78A,0.08
0x51beF0ECac2DBBbBeff5c39D02E4ac49995185F1,0.08
0x74Fb4BA94A01b31424b5e1ab0d3ceFf0CE6E6530,0.08
0xeE8Bcf545Bf80682B78D99F65742d34166Cb0405,0.08
0x28DDb1F987F1d433eb82EEF644b006741977f456,0.08
0x01D517d706494EE4b01Cbc8C699b529Cd150Edea,0.08
0x1210Ba92EB82Cc256213C78F0eF9D5212c7034a9,0.08
0x3e0cf03f718520F30300266dcF4DB50bA12d3331,0.08
0x3E13dA66F07b4b51f6496D4c6a7EedA50416692A,0.08
0x78390EdBd4D560Bcb3531d885058012041De24cB,0.08
0x560fbF887a1C98AE68CE71F018772D771D067781,0.08
0x79219E0514a0ED8B495C1BBA0180Cd12CdE40242,0.08
0x0CB0F554A2e8a5B7B5634F37840B037214925815,0.08
0x5658f4B362E95C0bC32d5Ce0051457882dB92ee5,0.08
0xB13A55D8512AeC4Bf7b15067d733c4C3C68F2439,0.08
0x1C651c3FEDBf95307Fb7a3A2FC07bC1e0753E5a9,0.08
0xB2523a5a54813ff3ACFef0b00f442a4eBBa06AcE,0.08
0xf9278A270d2100EA5E76e8d85AC712B2Cb7EC685,0.08
0xFc0BBFE1e6391Ad733B0016d41E50cFa2725717E,0.08
0x0ce681173619e2599713CcC1c18779D6109671F1,0.08
0xFE161714d95ff338482b0200C2857cFa5E77A789,0.08
0xFeeE0f97af25b988E10417b3988e7720772e584a,0.08
0x0dB3C73E0fd8a19f086CFD303fdA498F1b0221e3,0.08
0x7cDAcC2e58C4daf29Ab871958a714EF7398Fa368,0.08
0xd1a317989c846E42F64128dAeBd975f857068a8C,0.07
0x8a79889c80E0e0AE07151aCDC4537FFBAce553f1,0.07
0x06b3B315CbF8b6f639508911976E2a58F1729e3b,0.07
0x579955B31FbdbFf16a9760D5F5E869BA36431E2d,0.07
0x1a95A5815fb8d1e581811725E45fD70FF02839Bc,0.07
0xEf8347476De8dCa8639Af6f065E96361Cd656a3C,0.07
0x7e1F8358943580724290277167B86ab4734752fE,0.07
0x6C02Ff3A875C1EED933860a9ADfF4288d41f5DD3,0.07
0xe21A9bC92838fEDB1F1B7A601f526816F28871c2,0.07
0x7d1F3ed0d2E42809779255846Cf0a1B1eb8a21d2,0.07
0x9dE8dea3B03620c3553fb8538d5d232D1d5b0446,0.07
0x912a7f5845F3Fa8DE3cb55772a3ba9C40D8e3Aaa,0.07
0xFe30968B465f7218a633815188170B01298d76E5,0.07
0x64126292849b237Fc3E18A81d23a3D0e4FA9E076,0.07
0x9ba961989Dd6609Ed091f512bE947118c40F2291,0.07
0xCd8E1E3A577049f4E138dB9F46A46a7e7BF3535D,0.07
0x6292B5752dB4AEb894428296ACCd3B707fD63B37,0.07
0xcF2B46EeC11927951aBA257Ed877786924fA28E6,0.07
0x11B064a8ac721Ee4a706c07128433548b8D2151B,0.07
0x0230B092FF54c1C7F17dA5DAA598117aBE3E5715,0.07
0xB03847Bcb6354AC02090E151e91f7b70B0cEB479,0.07
0xb9AC581718457eC635FDfb502A7C2094Cc5066D1,0.07
0x538434a71701B5B834d7684B11e5CC5780cDe21c,0.07
0xd1653CE45172851eCF9C895C21aEf3ABa49132d2,0.06
0xf56E881FCFeD24155FD803Cb0bC505D15b24101E,0.06
0xC9a05C32d79c4Be810Da7F2cb46c47f80ea4a982,0.06
0xB2d60143097b4F992BfBE955a22dbb2AcD9a8EAb,0.06
0x955cf0ccbCEdCFC85FA0796Cc776354b46a10fBB,0.06
0x6210477B3025BF5ea50A35D39e7D2875dC11661c,0.06
0xC0005F8bD45349cC5D7C23ae4371231d3035B3da,0.06
0x8498Ff79C6BB9e32Ce2fD07b542A84173946e50c,0.06
0x45a337477fe38793D90dB641eeCf8c5c624F062a,0.06
0xC02B76A3724eB40742E195B9D0852d7068D806bA,0.06
0x89fF8e27b92c3Cf36bEf6580d11e1921Ea6Fa93E,0.06
0x88244475FBdA5a3dc68E505689f5d2cAEEd1FC91,0.06
0x069737Aa987D8c3fA6f87B5E91253c1EFD71Df89,0.06
0xc710F3dA5EA5Ae7B060166942185458c60c0434f,0.06
0x44a60575bAFADbF1471d628e7A8bdAd64e2e7D5F,0.06
0x79A99912f8890DB72EEF59dd92Baa0935D133856,0.06
0x6Ac0C22198D53682277C57a53602Dc0E0D95b840,0.06
0xe9AF51883331BecDb7BE760e23CF742660A42A4A,0.06
0xC210C735B22bA9Ca5254cE0F028A01E335e86E33,0.06
0x0a412418c71C80A882Ca276aCdD85E8Be791857D,0.06
0xb2dE5bfBFA82101c05bE100b35B144b2957936E3,0.06
0x826Ab98b58cF43c30644FaE1221dd641ec04811B,0.06
0xb617f96EcA626ff094169ac160452C082aF23284,0.06
0x22358B377c4Ae6A5Ed9d584ed94A1458AF6d32bc,0.06
0x1CBbe9fc5520AaE025945e23578d488EB5548922,0.06
0xB41CE218C36c7d95059bb21F82A6A720546ceF29,0.06
0xB52F830Ade0A8E88839174Df0A8DAC9C36940e03,0.06
0x26E3a9c84fdB9b7fE33Dfd5E8D273D016e4e4Fb6,0.06
0x4dAA278b8f90b86fB70859051911003790f4DE57,0.06
0x52A8d97577983706F91EcA67513a3412F155a166,0.06
0x4FE4e90cA5F382e277DC8F4CE641A986f0daEB7d,0.06
0x8226e510B4137ed05c745C28C879b602dC10FD21,0.06
0x273d4C6F62B79ac79F42575a6fe8Ef58764e072b,0.06
0xE18D2f0c230805CC535eb264D11FfFD07D781AA7,0.06
0x75b41D90281F8Dcc624067763D7281E3086ACAe9,0.06
0x89C4efDCeA57e9a74e94CC15890e9193D8c7A0BB,0.06
0x6E866059dDa4f9A8655ef1e4aE0c140CAC453177,0.06
0x09E083c5653172131e1EEf9A92E1EeF64d86B154,0.06
0x1309df760d05A7E9BA396d9A6f8dD4305C4D25bf,0.06
0x27A887Bf8451c6da18ba34b548A31b6158B9b911,0.06
0x970becd2F86A82d2846033a78Da3aBFAcC06520b,0.06
0xBdA4446D94d907fee2F6B7846A0320045A2E9949,0.06
0x0eAD931913B568e24CB6DEd32BdC96571360DAd7,0.06
0x456348964c2DB1eDd67450b920c7E7Ab01425C5f,0.06
0x491F8C95B80AE7D28F409e730B03cFef62066a53,0.05
0xa1fAcfFE2171c76795f751Bb96FdB7E6C60a3Ffc,0.05
0xA775C775fEB740D15dA78d572A1CACcbCcc7A0f6,0.05
0xE19548089EfBB68beE55433C0cd03DC540360269,0.05
0x6e81007EbF868C0fD8290c4EDB7812639D460341,0.05
0xa8467Ff6e714b62B6fA3ec9D666C2b1657a53aaF,0.05
0xb6ac0341Fcf3FB507A8208D34a97f13779e1393D,0.05
0x510bfF1c21643f425526e7BF677c2BDcCCB0B0B3,0.05
0x434F5325DdcdbBfcCE64bE2617c72c4Aa33Ec3E7,0.05
0xE936e8FAf4A5655469182A49a505055B71C17604,0.05
0x1A142cB4668942A8b26e3769e22bA76911f21f6c,0.05
0x7f04913bdA4Ca7bd768FFc6200eFdF52F4fAdc2b,0.05
0xe9945b3AcbDc2f9dcad8871F01aa9dabBb20d882,0.05
0xdfDf2D882D9ebce6c7EAc3DA9AB66cbfDa263781,0.05
0x0804776972496b0b2304C70747Cd5C6Eb24Be175,0.05
