address,Score Log
0x74EF51C27c9984f34b3F7F80E8259cC1bB04e37C,92.00
0x77B476429826C5ba77885D08F272d89D8F1Ed0e4,71.80
0xcAB28BE5F5315407d9faC010F8435628f0124017,66.10
0x76D84163bc0BbF58d6d3F2332f8A9c5B339dF983,55.70
0xE04885c3f1419C6E8495C33bDCf5F8387cd88846,28.20
0x21b02E9131D1BADE784a7874967DCb8Ef243F2A4,25.90
0xdd3767ABcAB26f261e2508A1DA1914053c7DDa78,25.90
0x0AB7C4123e84c975008fcfcb14f07152bb711F82,25.00
0x35B2A533F02234342d9352fb9Fbc1eE0C1703198,23.90
0x398137383B3D25C92898C656696e41950e47316B,23.90
0xCc39f4f4A764B118E1a39E2Def59559e0F886aa3,23.30
0xbC553aA555dDA86b9c9b5366447930B7cAf8da8b,23.30
0x73677662f66088236dDFc95DA42e405Cf3F4ce13,22.60
0x47Ce377120ed597852839731BA7e9Ae301773385,19.50
0x68F6F2Db8D5D28fb7d837675781C2d391f5F02c0,17.50
0xdBAb9585BB07278403284282073119cCA177b4c7,17.50
0xBD19a3F0A9CaCE18513A1e2863d648D13975CB30,17.50
0xA7a5A2745f10D5C23d75a6fd228A408cEDe1CAE5,17.50
0x536299a4fCF0d1d492596C2C816fc20F3F7Ec557,17.50
0xA11DA8B2D9A7883eb636d7de426025e5fD9fda1A,17.50
0xe62d071Ea99A63798Fec7222c483c53e87F2A32E,17.50
0x76E6c1D939eFf3727376d0aBEbc36d2b7af7BDd2,17.50
0x708621feA6a3e127f775886f4fcC5A7EDC6cc736,16.70
0x0611Ed2D84F338b8918E16e0BCAAD513265F60CB,15.90
0xDF56f967cE2f81298AC177fF828897CB33ea2243,15.10
0x224aBa5D489675a7bD3CE07786FAda466b46FA0F,15.10
0x5952788924bF35B85d2BAA9509349baaF3159cD7,15.10
0xdf26c161C73D4d02d53aD21863df8623Db38f1ce,15.10
0x14185559Bc21C98B9Dec8bAe14cE3Db172B506Af,15.10
0x1dF428833f2C9FB1eF098754e5D710432450d706,15.10
0x6eD68a1982ac2266ceB9C1907B629649aAd9AC20,15.10
0xcAa3a3c852442F06806170D137248bb21ddb0E1B,15.10
0x84fA671876c14bEe62f2f4C1B7209C7d68b02b78,14.10
0x325173bC8C0F68eA1384de0377786EA3284Cf2FB,14.10
0x6897aBe0fD62B589260784B21F4ca3F78A0D8017,14.10
0x0e950e75B652878E6A3D3Ecb6E5797452A918A05,14.10
0x0B96B6344b2a8d00B610992d0e6AfB90C24bcFA3,14.10
0x7137931f8e93928E835EC0946A8B78a8a8887900,14.10
0x7003849fC9F3c70b5E90619F01522be94a38816F,14.10
0x3E31155a1c17c9F85e74828447aec412090a4622,14.10
0xcb208d4A2BA7A51294Eff282B5a7C1531898D9dD,13.00
0xbeC26FFa12c90217943D1b2958f60A821aE6E549,13.00
0x2F45b4c0c23751339A4F95a7d91F22ea311AA7Ea,11.60
0x5101A1B882F380839AF06B233F5dDaEE40941848,11.60
0x26E3a9c84fdB9b7fE33Dfd5E8D273D016e4e4Fb6,11.60
0x652B97Bb2980cFfF724Ff9128b58DA51DaFE26bE,11.60
0xEe4Ea318D8f12a48Ad59932027ee467c70803670,11.60
0x80c6faee58AE12c0812285C24085feF9B773a4D2,11.60
0x60566cb8D8dfb84d0B25A7cd3daE7C1eaDfbDb5F,11.60
0xe9b33Dcb4fac16766CC56C2d4c18Fa2B6d9e1157,11.60
0xa14E5A31Af9758375598F8Fc877c86641198a168,11.60
0xc2615ad6938235dEb58aA48515727F1d0Ce598E6,10.00
0x38bc91AA6Aa434c4fae7E666F68C859292deEd95,10.00
0xFCeDC13C1DD6ED4Cc2C063042bFa98ff0640C88E,10.00
0xfcBc07905fee2D64025461B8DdB27F77f256827F,10.00
0x1EC1CcEF3e1735bdA3F4BA698e8a524AA7c93274,10.00
0xDA5b2cd0d0Bb26E79FB3210233dDABdB7de131C9,10.00
0xD2BC5cb641aE6f7A880c3dD5Aee0450b5210BE23,10.00
0x3eEFAa9d6e2ab7972C1001D41C82BB4881389257,10.00
0xeB52cd1e90f690b8E7Fb06aD7636428E58F667b1,10.00
0xfa483C6f280782714813C484Ea05BaB55e9f81ad,10.00
0xEAde2cEeDeA3b8d0D1d10537f507b9d262870748,10.00
0x56e3Dfe51274A3cC78bce719b63796A250B175C0,8.30
0x186e847B87354cfA7E7efA63093b4f17Df33671c,8.00
0xe8E83Ddfc373BBBD22eDF5A80a30eC7DEd8f2b47,8.00
0x99062cEda2362CE6d05AE40d4E2C991A921c8A48,8.00
0x8fca51c7355bdb026eC2F78eEbf4B95cF93cAD1d,8.00
0x1Df518f3442f0442195807b09292A0688c6aD40A,8.00
0xc8a9966f315Da59D02295e3753124Aac76d8c004,8.00
0x4718ce007293bCe1E514887E6F55ea71d9A992d6,8.00
0x7004A8b901d438B9563e8aE4130ee9Cb04C82De2,8.00
0xD7ADf6fb56ef3fdb77f75495167783561744E34f,8.00
0x8Ee927f5a31EbA81b02AB1Ffc74289b32a505D35,8.00
0x60a6348B8c7eb28D4B2CBEf648187A6d66c7d879,8.00
0xD9F5b7E51dB4aB88D9bDEF5D23fd984c17012fC2,8.00
0x2A03A7Da1909aac0E2a9b2809c9C84Dd832B59aB,8.00
0xF44217A8b6b3f258BFFEaD635c226528aa516aea,8.00
0x20a7C35Ec4e979c67c0DDB5c5102A604E4E060A0,8.00
0x08f9edd4Feb42eFc388818e68dd525E87462fDb1,8.00
0xdC4EfDac43475F434482e61805E0df96D2dC1DF4,8.00
0x06Ce7AA062c3CfEF67152Ef45147213EE33D42A6,8.00
0xc535CfdF454110F2D77064443C4310a2C4964b5A,8.00
0x52217bAD145A7a80D510f24A9572781D260f33D3,8.00
0x944Fd37C2a46A3ad6B5EE11f7e26035Ed2F1E4FE,8.00
0xA8cDF0EDe057e29690F50d1E64C89abe73B93855,8.00
0xCa0F403D2A602e4D8c0A6A984b973D7958FBF463,8.00
0x85952D1b79C953Bdcd5e108363C3b4EBFBbA3eAD,8.00
0x1786D033D5CbCC235B673e872c7613c2F83DA583,8.00
0xb7eE0B6889CD0590A590AAb01485EA164Db03307,8.00
0x1E8eE48D0621289297693fC98914DA2EfDcE1477,8.00
0x6a932F0AE2A7A49fb24B70C8Eef6Ec0808163345,8.00
0x33D66941465ac776C38096cb1bc496C673aE7390,8.00
0x8a09FB23E1c8d0FF9c9Fef0BcFc9b9e07B1f0667,8.00
0x2D2E4c335EEE674Bd8F2EB3622E4156EbAbC864d,8.00
0xAa6dC9A896874b80E2Cd4f4f5e9A1C7c8E8574A2,8.00
0x1a3e6bFf390dADc331c05FDE1b043592DBb3A9Ed,8.00
0x1B2C142ae4B9c72d2B8957079563d171B7F72892,8.00
0x2d8A36abcA760D066dfDeFcBD61B213D2edf675e,8.00
0x0BB602F88BF886282fF69d4Cec937cc2A7d9E19A,8.00
0xFE3A509F8E8eb59209CC8c9b90f7b352781E96f4,8.00
0x871608cBA092105b91e91295A1d79fFC539BFb48,8.00
0x64316CBe450f89F6A8fC3dcbcd68045B493adFB7,8.00
0xD12b78Df063fC4bC7bb12CF1f060B55a15dD759d,8.00
0x5bC5d527587D15195e87DD53168596Eca3ee651D,8.00
0x1AEC250C13b1214C4B9935Db3C8a7610fdAaE8dD,8.00
0x378ff65Cb9E9B83B86AA2534c9991e5B28F1Ec92,8.00
0xe363fa6461c1A30d18C0CFF22F7dB95e5A54a900,8.00
0x64BC15E0A5A12dDbe321EEDD832d057775D11F56,8.00
0x33878e070db7f70D2953Fe0278Cd32aDf8104572,8.00
0xe51513C5FF7318c56a48ff4773e710AC6955e007,8.00
0x9D42a19E504f5F87f8B4eDF7F9ABf510a3026fab,8.00
0x281eC184E704CE57570614C33B3477Ec7Ff07243,8.00
0x48c8bd589E8b81cfE13403Ec4884f71e676961db,8.00
0x24bF6580ED276b6ff33269DD361eE00FE3a2c912,8.00
0xc4Fc7F8eB43c106b7198B855aDB2860e38DA8b47,8.00
0x667Ea5905afDd6320607751F159bB742E8EA2126,8.00
0x67c5002827419b07B9956571423958a26626Ec2b,8.00
0xBeC2635b44D26AcF54DDa59644ddB71FB0e0268D,8.00
0xbF27653C7009D0f5C54646198BDaE95e1A8C5AB5,8.00
0xa54C60Bd2294a6c1c86e57787981AfAcf9ef86E7,8.00
0x91A3D6267317AcdFb6c4387f5Cc390C28FF63BC4,8.00
0x66Ab0BC088212195b0d9e9FEB12F3f93fF6f8fF1,8.00
0x357843d6d1ECE85ABA4032EfA31a2e813F519261,8.00
0x1e5E0982e0B81F041F4b2668E8E1f300682b6ffa,6.50
0x0dB3C73E0fd8a19f086CFD303fdA498F1b0221e3,6.50
0xeE8Bcf545Bf80682B78D99F65742d34166Cb0405,6.50
0x033E64537940e0602E8F27F571d93904C0009486,6.50
0x74Fb4BA94A01b31424b5e1ab0d3ceFf0CE6E6530,6.50
0x1210Ba92EB82Cc256213C78F0eF9D5212c7034a9,6.50
0x1C651c3FEDBf95307Fb7a3A2FC07bC1e0753E5a9,6.50
0x9b9C0732CfECBD446EeC92ba53dec31f2c9d88b1,6.50
0xB13A55D8512AeC4Bf7b15067d733c4C3C68F2439,6.50
0x0E272eCeadBF50541f0a5C740082f177baF214d4,6.50
0xb6b774Dcbd3091Fd2a0423A201791D07700c25ef,6.50
0x336F3ca6cAD963a70b8B64FaDE48c39A8de03b44,6.50
0x7EE9033aad1d11a80F1c1e8d769FeACBC97416dB,6.50
0x51beF0ECac2DBBbBeff5c39D02E4ac49995185F1,6.50
0xD26cf287dA6Ae872DD14A0151E2EE30A465990E8,6.50
0xA587B5aa3ddF49559CdE74140456BF65D716F30a,6.50
0x4Bce1d711EA4e033aD5E7d48d2F63fB24FE4b5E3,6.50
0x4C5B9006ac613eD4805f38b460c85484231F5eE4,6.50
0x0Eafb78D216A4d9AE725d3EF087143808695445c,6.50
0x58Ba947570D2f9b79882c444170a30827000B33a,6.50
0xFc0BBFE1e6391Ad733B0016d41E50cFa2725717E,6.50
0x4Ff9371B4DB3F0771E34f6cF4bD33312bC993E0A,6.50
0xB2523a5a54813ff3ACFef0b00f442a4eBBa06AcE,6.50
0xCF653E70110315DDb9a11AE4Fc36C6716e367a14,6.50
0x85524e962b11cB82EA7bAF3A00Ceff92C6368db2,6.50
0x0ce681173619e2599713CcC1c18779D6109671F1,6.50
0xe64063c7688DB1Ac863D0DaA3dBca41aB4E6b465,6.50
0xE9Cc651f1CFAf869b88E8BA945C15E1d9c609AB5,6.50
0x4fbfadF58cf32E7c616ED09D74318fe30C7071d4,6.50
0x47f793e8aF738F4b61D7e2D207C6d29c713d1A84,6.50
0xEaa24cdE31A65AC72DFf0ea673735d70625CF78A,6.50
0x0e5C4c325bA0Cf3eBc82f0B15c318D6620e896A7,6.50
0x88bde89F94B5E5dD1ef3C054A39961BCbB33BC44,6.50
0x3E13dA66F07b4b51f6496D4c6a7EedA50416692A,6.50
0x3e0cf03f718520F30300266dcF4DB50bA12d3331,6.50
0xd0ceCa3064Bd0F33483885f60EF40A71c125C638,6.50
0x82f9Be60fc43CE39BbE40DF22039380935FF58c8,6.50
0xE3a17b05F01C1b28585Ba2341ede238641cF32E7,6.50
0x9CceBdB9c9871B0b8c18fE43f90760C83060bFbA,6.50
0x8242269882CD61dE8Ac878ac47D2A7432FC7BdEe,6.50
0xB9C62C6B68fa76bb5daD4279074ebDB6D72E3Fec,6.50
0x6100c2EC0b1A0800Dd246a7c6a922C21252bE392,6.50
0xba0e393d0D47ae81a22f27D68BAC043BB64dDb31,6.50
0x9f771F779B88178de06291A2caA8E4BDc56dc184,6.50
0x5658f4B362E95C0bC32d5Ce0051457882dB92ee5,6.50
0x560fbF887a1C98AE68CE71F018772D771D067781,6.50
0x0CB0F554A2e8a5B7B5634F37840B037214925815,6.50
0xd3Dbe133AF71345A9A69894Db354161Ea7f441e9,6.50
0x79219E0514a0ED8B495C1BBA0180Cd12CdE40242,6.50
0x28DDb1F987F1d433eb82EEF644b006741977f456,6.50
0x18e2728b00678F886150CAAc59cE468B7F7a7aF9,6.50
0xd6c197AfB2D3F0C2549Bb542B49ed089fACA780F,6.50
0xBbc9368898422Cc9FfaBEf8ea66210D3D011512F,6.50
0x18c5A9D555D197c9C42e63cA646716EfDC20C676,6.50
0xFeeE0f97af25b988E10417b3988e7720772e584a,6.50
0xf9278A270d2100EA5E76e8d85AC712B2Cb7EC685,6.50
0x4B8Aa2db33df252Cb0087de8D170d652e92EbA02,6.50
0x26ceE1c87b7910c42Ac83a3b617c2932F13B9044,6.50
0x72f2c4dD290D1C08d5763c812028655CBde3FB53,6.50
0x148D424f74c323d3950A8562760Aa76E4C58615B,6.50
0xB78D439Ba83baCed629310207a215900e02d84A4,6.50
0x8B9c66fF418aadDaE7974EA006859e8BA8374aA3,6.50
0xdeCc4ac78838d0178A418349b8cE6205f3c1905e,6.50
0x78390EdBd4D560Bcb3531d885058012041De24cB,6.50
0xc9D94BE541Ef24cD2E402dd5F6D15676d08474F7,6.50
0xFE161714d95ff338482b0200C2857cFa5E77A789,6.50
0x7cDAcC2e58C4daf29Ab871958a714EF7398Fa368,6.50
0xc68844831CD4AF961eAfb5bdFFEFA4fE698B70A2,6.50
0x27CDF5Ca6cD49Abd44Fa030dECF743B730310443,6.50
0x358d930D71Fa424BA4fEE2a48A2e87FDA55993E1,6.50
0x01D517d706494EE4b01Cbc8C699b529Cd150Edea,6.50
0x4a16Fc2d0826b50bBBa9f4A1729f2E56Cfca509d,6.50
0x6120faA647cd26cD6B2c1df880EfF537065C6815,6.50
0x071903cC9a767A845Fcd3aB7373e4d5328522481,6.50
0x2408a5b5a0C0e47CbE8F3B8c92b4361958b371e4,6.50
0xA770A33CBf2e97A0eAED41AfaBddB997661CC24a,6.50
0x6292B5752dB4AEb894428296ACCd3B707fD63B37,5.80
0xcF2B46EeC11927951aBA257Ed877786924fA28E6,5.80
0xEf8347476De8dCa8639Af6f065E96361Cd656a3C,5.80
0xd1a317989c846E42F64128dAeBd975f857068a8C,5.80
0x8a79889c80E0e0AE07151aCDC4537FFBAce553f1,5.80
0x6C02Ff3A875C1EED933860a9ADfF4288d41f5DD3,5.80
0xb9AC581718457eC635FDfb502A7C2094Cc5066D1,5.80
0x0230B092FF54c1C7F17dA5DAA598117aBE3E5715,5.80
0x538434a71701B5B834d7684B11e5CC5780cDe21c,5.80
0x06b3B315CbF8b6f639508911976E2a58F1729e3b,5.80
0x912a7f5845F3Fa8DE3cb55772a3ba9C40D8e3Aaa,5.80
0xFe30968B465f7218a633815188170B01298d76E5,5.80
0x273d4C6F62B79ac79F42575a6fe8Ef58764e072b,5.80
0x11B064a8ac721Ee4a706c07128433548b8D2151B,5.80
0x7d1F3ed0d2E42809779255846Cf0a1B1eb8a21d2,5.80
0x7e1F8358943580724290277167B86ab4734752fE,5.80
0x9ba961989Dd6609Ed091f512bE947118c40F2291,5.80
0x579955B31FbdbFf16a9760D5F5E869BA36431E2d,5.80
0x64126292849b237Fc3E18A81d23a3D0e4FA9E076,5.80
0xe21A9bC92838fEDB1F1B7A601f526816F28871c2,5.80
0x1a95A5815fb8d1e581811725E45fD70FF02839Bc,5.80
0xCd8E1E3A577049f4E138dB9F46A46a7e7BF3535D,5.80
0x9dE8dea3B03620c3553fb8538d5d232D1d5b0446,5.80
0xB03847Bcb6354AC02090E151e91f7b70B0cEB479,5.80
0x1309df760d05A7E9BA396d9A6f8dD4305C4D25bf,5.00
0xB41CE218C36c7d95059bb21F82A6A720546ceF29,5.00
0xb2dE5bfBFA82101c05bE100b35B144b2957936E3,5.00
0x0a412418c71C80A882Ca276aCdD85E8Be791857D,5.00
0x6E866059dDa4f9A8655ef1e4aE0c140CAC453177,5.00
0x4dAA278b8f90b86fB70859051911003790f4DE57,5.00
0x8Df46D8Bb10D79f89E00e0a6859327f7189C45de,5.00
0x79A99912f8890DB72EEF59dd92Baa0935D133856,5.00
0xB2d60143097b4F992BfBE955a22dbb2AcD9a8EAb,5.00
0xe9AF51883331BecDb7BE760e23CF742660A42A4A,5.00
0x75b41D90281F8Dcc624067763D7281E3086ACAe9,5.00
0x09E083c5653172131e1EEf9A92E1EeF64d86B154,5.00
0x8498Ff79C6BB9e32Ce2fD07b542A84173946e50c,5.00
0x955cf0ccbCEdCFC85FA0796Cc776354b46a10fBB,5.00
0x6210477B3025BF5ea50A35D39e7D2875dC11661c,5.00
0xCE67B694bC268E7D9431e658A149657d46F80387,5.00
0x6Ac0C22198D53682277C57a53602Dc0E0D95b840,5.00
0xBdA4446D94d907fee2F6B7846A0320045A2E9949,5.00
0xc710F3dA5EA5Ae7B060166942185458c60c0434f,5.00
0x44a60575bAFADbF1471d628e7A8bdAd64e2e7D5F,5.00
0x0E11dE3E815491b1383d2b9C4F99095c20B5BD90,5.00
0xf56E881FCFeD24155FD803Cb0bC505D15b24101E,5.00
0x1CBbe9fc5520AaE025945e23578d488EB5548922,5.00
0x01Cf9fD2efa5Fdf178bd635c3E2adF25B2052712,5.00
0x22358B377c4Ae6A5Ed9d584ed94A1458AF6d32bc,5.00
0xd1653CE45172851eCF9C895C21aEf3ABa49132d2,5.00
0xb617f96EcA626ff094169ac160452C082aF23284,5.00
0xF52fF39648aB39d20C9700b6CD095c7B632a4a5D,5.00
0x4FE4e90cA5F382e277DC8F4CE641A986f0daEB7d,5.00
0x0eAD931913B568e24CB6DEd32BdC96571360DAd7,5.00
0x52A8d97577983706F91EcA67513a3412F155a166,5.00
0x27A887Bf8451c6da18ba34b548A31b6158B9b911,5.00
0x89fF8e27b92c3Cf36bEf6580d11e1921Ea6Fa93E,5.00
0xE18D2f0c230805CC535eb264D11FfFD07D781AA7,5.00
0x970becd2F86A82d2846033a78Da3aBFAcC06520b,5.00
0x89C4efDCeA57e9a74e94CC15890e9193D8c7A0BB,5.00
0xC02B76A3724eB40742E195B9D0852d7068D806bA,5.00
0xC210C735B22bA9Ca5254cE0F028A01E335e86E33,5.00
0x45a337477fe38793D90dB641eeCf8c5c624F062a,5.00
0x8226e510B4137ed05c745C28C879b602dC10FD21,5.00
0xB52F830Ade0A8E88839174Df0A8DAC9C36940e03,5.00
0x88244475FBdA5a3dc68E505689f5d2cAEEd1FC91,5.00
0x456348964c2DB1eDd67450b920c7E7Ab01425C5f,5.00
0x069737Aa987D8c3fA6f87B5E91253c1EFD71Df89,5.00
0xC9a05C32d79c4Be810Da7F2cb46c47f80ea4a982,5.00
0x826Ab98b58cF43c30644FaE1221dd641ec04811B,5.00
0xC0005F8bD45349cC5D7C23ae4371231d3035B3da,5.00
0xC1aeBd6f0D37611d744B0ECD0865984fbCb4B4c4,4.00
0x9409B684aC8a3483512842E9a3Be64B8B9711F73,4.00
0x958c20A43F5206F186B0195cCB61Acb724b2EE1E,4.00
0x703FBd74399F71103604E3c7Ea9F54CBb43f718A,4.00
0x334A7c7413D3f6C42850Cc6E12f46fE413911813,4.00
0x1E382a144bF9eD07e64D9b6d7bC57213c0aD9900,4.00
0x970E3868a94E06E604b1705a0238c1331AFC276a,4.00
0x28149E604Ae73682B7Aa52dc1E64bC673f54f6e2,4.00
0x46716522C97F3e8D56C25b11dcFf0E623FD5c217,4.00
0x57d2e6B4BB8A53F1851ce328B3EE95c9c4aEbCA3,4.00
0x16481C5c6b8C6c9422Dce2c0ce51C16BfDDcfe96,4.00
0xc6b0a4c5BA85d082eCd4Fb05FBF63eb92AC1083a,4.00
0x588F811198D28BAB376622A6a11ad2806C77071D,4.00
0xC6DD9BF0f0FE2Bf2c93Ab0E9F79D6D1E19e1a570,4.00
0x9907A671e449cC3AE6cF84ac3D09372c833d916E,4.00
0x473aa2B568CC71e37355667cE3bb00f530df9140,4.00
0xC8BF162929aF3d8c73D1a8ef58B8a9B084763480,4.00
0x9a45b87f12E9BB97D0741b49667e4578f887D4AF,4.00
0x9A63591fEd3A6EAFfFc3deef15A16331A36A7768,4.00
0x59e147Ec5BB417745356A1e2d9433F3A07D74419,4.00
0xCa0b4fA6ACD64026B6695BAf0fEAf1154D110909,4.00
0x475Eaa9b5386F2fD85D821CF72eec45FE7E4c09a,4.00
0x74fa01a5D0ef8039f1E14F4d4C8f90e8602e07B4,4.00
0x7504d23aFA3B183A927B1bBf7032676C98C60A9c,4.00
0x9C0aAf876db36E77A80af5fF08AB2Ce1188e9ff8,4.00
0x5b3A4FD425Ae1Cc99C8caC9632161956728c9370,4.00
0x9D23B1b921b46c865602106152bDf1bD5d7593F3,4.00
0x1F2B12286864d5439500400B3609C659Fb3c665a,4.00
0xCD133D337eAD9C2AC799eC7524A1e0f8Aa30c3b1,4.00
0x11cB54f6Df648bCc696CD0Abb03765C585Bfd9A2,4.00
0x36c5Ab2D95448f2BC92D74Ff2526F5bDCaDf4097,4.00
0x2a490292fc1a6d848f2521bD8d03134AbA000F05,4.00
0x2a98EA2Aa21a4E17C9961c30a9fE73Dce0F6B1f5,4.00
0x17617ef20F525D2e194eA33988C3b497D0F6F4fE,4.00
0x491F8C95B80AE7D28F409e730B03cFef62066a53,4.00
0x49437663b4Cd9ABBBC47758001F5Ca296c377150,4.00
0x77b175d193a19378031F4a81393FC0CBD5cF4079,4.00
0xa1fAcfFE2171c76795f751Bb96FdB7E6C60a3Ffc,4.00
0x4Aed006C0235312A56dA3bCE1dab9Cae0F3f95A9,4.00
0xa39B12cCbD66c3b4624d7EdA1Ac0a3A8AE830bC0,4.00
0x393086576cdbE9c50e7BD1A90bD0AE58f3617260,4.00
0xa4142A998EeD156228b2F925a43fcEA25f363Cc5,4.00
0xd4e497dBf3848bB43D3E72b5de337b54b5bd0964,4.00
0x5f372A44F4Dc8bE5fFe2203cbb2A0C7E1c471989,4.00
0xd56e3E325133EFEd6B1687C88571b8a91e517ab0,4.00
0xA4D338186d93A77b5a82ac8253B79050B0058275,4.00
0x4c122D6AAdF7100BcE49575275D1b2D87E227853,4.00
0x2BE3fF0C9EcfaA1258B2A389a44710417cF32687,4.00
0xA5E1C37Ad90BAAcb791Cfa18506224D7c50f1619,4.00
0xd74640B93D1EDeeaD5E7dE07bF0425c8e696a40E,4.00
0xD785f783e24f71F7FA49dc2933C17bb20954548d,4.00
0xd78b65ea1768057b57233E9ddEB72Afd63BC02F3,4.00
0xa6aF0566EF4eF7E8f38913f69d4e55c06F00A5aC,4.00
0x0F1d41cc51e97DC9d0CAd80DC681777EED3675E3,4.00
0xA775C775fEB740D15dA78d572A1CACcbCcc7A0f6,4.00
0x7c8671a639A3bFEbF286Cf353B0c5ee23dE7b9A6,4.00
0x7C94803E9F63706437E91606bCb58A07A6789157,4.00
0xa8467Ff6e714b62B6fA3ec9D666C2b1657a53aaF,4.00
0xDbAfA83587e12478f6406469dDC08552661d3Fbc,4.00
0xDc32b05d7464289e36c95D4F480ad2eE9c5970C7,4.00
0x3b067Af83F540cB827825a6Ee5480441a4237E77,4.00
0xa8a69a507Cf45cF07047c4BE7731D35DFcC55f63,4.00
0x4D7429059394C1967f7f180341d9B33B6332b122,4.00
0x2C8D2e50Ee03f98A2f4CCFbe1A61552b79bDF6fa,4.00
0xdDEf1140A392f24CCd6cef26Ee09A055Fef51fbD,4.00
0x1378B43fD789B6b243F2B81168aD05131791462e,4.00
0x4DC1EFe8ACb8a126559338Cd863A3387b0Fcd1F6,4.00
0x2CCBaB93519cD2F2f89ba7133d394de39725E270,4.00
0x1A142cB4668942A8b26e3769e22bA76911f21f6c,4.00
0xdfDf2D882D9ebce6c7EAc3DA9AB66cbfDa263781,4.00
0x7EF7120d7116E77cDDbBc70E83DB8f1914db5b63,4.00
0x7f04913bdA4Ca7bd768FFc6200eFdF52F4fAdc2b,4.00
0x1a1a8b6cc38B7CF93AD52c69625B4EB59fFA58F5,4.00
0xAa3853D11Ae77291599B16067325dE953917f16a,4.00
0x2D1E7B6E6284409e16991dE76d2A82847a7d61C5,4.00
0x806648982a4ae669A7ec6827D52D0c787Ef76b15,4.00
0x0AFBEA5597875c33047aB0004575f636e652C49e,4.00
0xE19548089EfBB68beE55433C0cd03DC540360269,4.00
0x4e94045eF5C9CDbf505feDECF15D47561cd7f8a1,4.00
0xAB41De97635F936f8Ecc7808691D59B9445873f7,4.00
0x2de0f6f6C271E3Ba718Df2A628F3a9E1133A7693,4.00
0x647753A2e5eDedd182affde7B11141eE999F9107,4.00
0x839551ad5Cd3A17061eB11A3fBB6141293eB92a2,4.00
0xe51200a4d161935FC311eD8A0401FEB1abf20E3a,4.00
0xe51d67d52a8Ffd71873A4a7084A510ba2304028a,4.00
0x4F766Bfd800e0FF3260635fdd5fE8CFB666828d1,4.00
0xe5fCBA2fc4beD3C4A4D42bE5b2066Fb196979d27,4.00
0xe5fd54988e8e6840Af8DCC4534B52ef615027b23,4.00
0x031e57725D75c883Ee914aBA01Cc24bad08bEf5a,4.00
0xE676D27E7D10E86B0B5472FACc14C08baf880F67,4.00
0xe6b6191a7f7033Cc41d2dF99B628748AED267BE5,4.00
0x007316ED5151F4043f3e1FE733cd8b7a58Cfd012,4.00
0x2EE768CcCC8Dd06d6b90cf1E40301A19f0fc67d5,4.00
0x66F077ee2406308951c5E88120e0848f94967cEe,4.00
0xB0A1803AA226C4bD5005e8E1CA7a7497db4549f6,4.00
0x2F4167ABAa9779E41dCD3798CE7F9D0826003d4c,4.00
0xB148d8433fEf47606A3f7Db5BeEBf9A67edd9542,4.00
0xb1A64CDDC6398aa187c67B691b7c5F10828f42F5,4.00
0xE8D848debB3A3e12AA815b15900c8E020B863F31,4.00
0x049dEBbaD61A20E21E872B06ef4f25bE1253c802,4.00
0xE936e8FAf4A5655469182A49a505055B71C17604,4.00
0xe9945b3AcbDc2f9dcad8871F01aa9dabBb20d882,4.00
0xb2D838612872586C88F4f53AF3678f7e8e54Fb39,4.00
0x88882e661ed8CB398b21F1Cf13651Bd8b47A0588,4.00
0xb361356B0fc3E0805cf5eF4316EE4822a28A55D2,4.00
0x68C65B80D1F7f1Bd974be9964cF1E6839808a7CF,4.00
0xEB86293D71b9E5335A40eeA756dE5159957F852c,4.00
0x88F5d29B88664371401B6786A01db137fC5FcA61,4.00
0x510bfF1c21643f425526e7BF677c2BDcCCB0B0B3,4.00
0xED12D70AD87b64dCAE62953A8d69C743A12716c5,4.00
0xED83f43e646313B3828a552cb31E3990d3dc9753,4.00
0xed875bD3a477908C1B8d751A9D1Cbe3b75e62DD2,4.00
0x30518e38c70a5F686B38EeDad342Aa2c943D7c6b,4.00
0x516cAfD745Ec780D20f61c0d71fe258eA765222D,4.00
0x69e04057485fDcfefa0e98fB77AE099d8B7626b8,4.00
0xB67568c8A7aA3117c75b3Ebb699672aCead8D758,4.00
0xb6ac0341Fcf3FB507A8208D34a97f13779e1393D,4.00
0xb749A586080436e616f097f193Ba9CB6A25E7Ea6,4.00
0xB763543c49C9A1d202C044c89eCD8633F4f6898f,4.00
0x8B580433568E521ad351b92b98150c0C65ce69B7,4.00
0xb772565dFd2115a43B05779CBA608Cbb2D559508,4.00
0xf31DF2dcD4083ee57f0d33d386656cfBD1E859a1,4.00
0x51D8140A55C7Cb72e4Aa09a86060B74Cd5E22908,4.00
0xF32D6f298b8DE6CE769BE20076111AB874e44E24,4.00
0xf37a8af60025e683e24F45820Aa82f9293924E82,4.00
0x14eBcEc65c50DD3f3E37f1A78C88e858B9F2Af67,4.00
0x311bA0934dA82159340f87Fc699F89764EA2598f,4.00
0x4318cC449b1cbE6d64dd82E16abE58C79E076C2B,4.00
0x8D60321E20C6E95E2aDD9614eDe61185EAa75905,4.00
0xb97605A73C35e3c11A122C64E720c179219a78dB,4.00
0x10C52DaeFaC6abf06eb9349acB9427442530bcB1,4.00
0xb9Eb8B4CbdaDBf0eD7a3E65b10F8A31B4a7671eF,4.00
0x434F5325DdcdbBfcCE64bE2617c72c4Aa33Ec3E7,4.00
0xBA7e9Bb153F9c4C32903b721eB53B751E2c0bF12,4.00
0x0804776972496b0b2304C70747Cd5C6Eb24Be175,4.00
0x549A9021661a85B6BC51c07B3A451135848d0048,4.00
0x26afAcf7d7101B206756c8029b861eD9691519dF,4.00
0x54bAd8e45af5D06fD00016B2773ba3b73895251C,4.00
0x320D5F7703ac16E79e95d055757b4555a2B7C903,4.00
0xF7C5a0a318960A961AE4a138403b25bE10eB9CbA,4.00
0x552D30b79D6819a8ED7ae8bBB2A657C29a4D3841,4.00
0xf87e61aDDC0A7A15348c518FdBc93C27652EbEB8,4.00
0xbB9ECfD5685502977B5b7C1AC0cdff8C136A4Da8,4.00
0x901d81da72DEFAbE4FC70265287e80236B3de55D,4.00
0x26c8508C9aF7bC2069765091b0036e26c4e72391,4.00
0xf9cc756f3692685189930d9d698df401432Be2d6,4.00
0xFaDF9BBFCc784584766e8B0436bd26bBC488ddFd,4.00
0x6e2330A321190cac3928fB50b4A0dFA9D4b62351,4.00
0xFb0c7C6BEAbc71f88251fa4F5A50e1F347dcb0d6,4.00
0xfD3D2177008a59D01464C38E57a34ffbF1cfB8C5,4.00
0xfD708ea8AA6E14541C4975cA5d1B11Bd04Fd9fe5,4.00
0x6e6296955A80e70F87d234d1f090c6E6a3c971DB,4.00
0xBfE2e3Caa45cC9a4cf7E8C9F2EDE5688141cB60E,4.00
0x6e81007EbF868C0fD8290c4EDB7812639D460341,4.00
0x91Ab8278d8E018B79657C9C0d9aBC876Be4F9787,4.00
0xc0c385e74C47e19302Be184Af3379fc21FBf079B,4.00
0xc109636a2b47f8b290cc134dd446Fcd7d7e0cC94,4.00
0x92246D3Fcf992741490811f46f5EE8B325DEB77A,4.00
0x4536bBF27Aee5915821D790D72A96bf2CD58aACa,4.00
0x93126845Dd8B70Ed9aB9A2036210afCe5795B276,4.00
0x6ec7271661b9E8ddF9e472A29A6FfE275E554300,4.00
0xFfb285456daA57d757b9C9020a6302aFE5A95eD6,4.00
0x4cE12063faD7fDF8cC6E1219892bD914abBa18c3,2.50
0x4cf31a477a936560562D8F75c1d79dA9eB9FdFdD,2.50
0x4D1FD46F87449Ffe235e3fce21DF8A9bF8BD9206,2.50
0x4d477F1aabcFc2FC3FC9b802E861C013E0123AD9,2.50
0x4D58D36e46Cf9AF14e416061Fe5D0074780b4099,2.50
0x4D8fc297F849416759CBD589dB90499c2630C33C,2.50
0x4DAAc1943c42B5988629414af1c32936601E81ea,2.50
0x4dcbe21AE86668E824218e8cdD28DcbF967451e6,2.50
0x4Ddb50B21ACf05Cd49D0Df08F903559dB80718f6,2.50
0x4dDEBa3cb70e38DeE2F22071dA5F71770D1eCeF2,2.50
0x4df14bcE10A5eC2E051DF9088a88f8d69D67d5F4,2.50
0x4DF83971f6f1bFD8D33a2E79584bDFDe75F4DF60,2.50
0x4e2FfF8CcEF302bd959F98A00B5b520D82C97541,2.50
0x4E672DaFb5388DeC42C3E6FBE2477Af1bC0ECFCe,2.50
0x4e6F358c8D0e154eB355DDB02DF51885fB9e43F6,2.50
0x4e9606FEA76112BF275fA5764614b5847066694E,2.50
0x4EC6BEA134099b42f1cC9542AA26c98c0dfEE264,2.50
0x4ed52122d5cCe50b15E046b30E37A6651b7f5123,2.50
0x4eD5F7B5Ed17329b4C6BC3923780125AC34F4325,2.50
0x4F1797977dcd92D7Fa7ef01341120225D8F7dAE2,2.50
0x4F9382758b4F2A41eE95811555a84663FfEF352c,2.50
0x4FC24854183Bf75Cf9dF5bE1A68F8cAe0368B6F6,2.50
0x4fdcEcf844B578d0190AFe267c498B2a0253A084,2.50
0x4FdDe1af1bf5fc6A5ED557C93ADB2099A9C25564,2.50
0x4Ffb83A8344F33453fBEbe5e126534407ceb32f5,2.50
0x50475837daaAC70507A04e6f964C3166073E62a0,2.50
0x5063D819C224c77871DEcAAEEa75407807d9407E,2.50
0x507f91597Dd00B1233A852575e3E59B809C56d86,2.50
0x5090c4Fead5Be112b643BC75d61bF42339675448,2.50
0x50b83DF900b2DC30DDc24631494Cf43202d387a3,2.50
0x50B910E5790Ffce3c32Dc05Ba97b4ed4669Bc213,2.50
0x50C92D6a8F4E2b059bedd72C0144bc8e11A29910,2.50
0x50D339dA862f2CB8251F267BF95d311FEfB5418D,2.50
0x510308289da7269a543BB9813afB8B9a82180318,2.50
0x510d1bd177E1f6062317E377F0A9CEBe91BC8FBb,2.50
0x511a22cDd2c4eE8357bB02df2578037Ffe8a4d8d,2.50
0x51407E8E1CE44E0a788f4dA2E6bdB362D0C5c79c,2.50
0x515335b2b1391E9b33753577F15f27E9bAEFa8b5,2.50
0x516576CfC73392A561ED231219225dc9ec33470d,2.50
0x5189BaB8f826f2278e396fe87C6f25a92FBF4c0f,2.50
0x51CB9D27B98a84318859704C1Af63088ab86592e,2.50
0x522d634b6BFfb444FdbCdE5932738995A4cfd1F1,2.50
0x524C91dd7902827cb51119F018FD560237985d3A,2.50
0x524dAA7b08c09Ac84C432eDD2C055D46fe39dd49,2.50
0x52b28F1F164dE56f6d14689d527f1943eD2a727D,2.50
0x52c881B5c39ecb74E1f17C6AC13868845cBc3955,2.50
0x52EF1F3c4A1068d0079093cD2DCAe9eBE9Edcb8F,2.50
0x531572b05c400b095F2369d10b0C31EfaF88d238,2.50
0x5378f6f1Fe8dA1d71B3f03762B505420E27F4BBd,2.50
0x53B0Dd0f3a9E6221dB4014F361297be80C8A9A40,2.50
0x54513B1C1d5D7C25eE300546029e6A85991D10A4,2.50
0x54b6032105A6DBdcdb21aD4A2707A8909AF153D7,2.50
0x54e29C3C9775B3D97Fc8069b1516e4bbC06036e2,2.50
0x55343534C739ad4aa93C67c6d9b8CB69982AD0D3,2.50
0x55610C1D32215E8303C9cFEA1e84fCbfC67D4170,2.50
0x5566F764A9A7C9739e8a28A0f40551775d26685b,2.50
0x55806B121F85f88175627b962137Adc2e4320803,2.50
0x559a8240FD672B2c418E19617F7f24D7191F1a1a,2.50
0x55B23ed53Fe13060183b92979c737A8eF9A73b73,2.50
0x55c484e7E1769E55b965c971dE37dcf1E5582Df2,2.50
0x55D5B91fDbEc14D372b3a79fb1A13d8e26B169ed,2.50
0x55Fe1576Fb18bE5bDD5CD5a29cB03F2918E8C528,2.50
0x562F8727A58602A50f3839D67F3a401330Ab27b6,2.50
0x563A2B808897e9777a55f6c7E2a1F68638C00738,2.50
0x56793CD31202521d697d4357B251E300e353602d,2.50
0x568b9bFfF4a3a7C7351db84EC2F4Ad4CA147A1D0,2.50
0x56b0d7861224eaDAa5BC45833A3Bbb6625F1be3f,2.50
0x56bABdb63d71879f8D77e2c9515060d3Ae29Cd9e,2.50
0x56F84ac6979CC34ed184088B9a1DB3818C723B97,2.50
0x570dD39D35b17Ab277b057Eb93cF1755defACd93,2.50
0x57511688c0ca7Cc7C25B90aE51C62B64652136Ac,2.50
0x578Be284Ba9d6F443FA070C5F9937A6554aaB1a1,2.50
0x579DCc13dD9df276A5CDD63763D68695D24d9Bbb,2.50
0x579De8E7dA10b45b43a24aC21dA8b1a3a9452D64,2.50
0x57C2570F1a4228a3aEff4fE533826C2A04a2D52f,2.50
0x57Dfa643313140B667dF0811d7c70f67aA766038,2.50
0x57Fba50c4bA275845E37F4C4c18E70e13D34E321,2.50
0x581E5735d76C6A884c96F810B0E74f45Ff49C33b,2.50
0x5826248086cc0188511D748024Fc1FB4b58433c6,2.50
0x584f9919c0E3b7F0065aC3b4C6Ed74c22995Bb1D,2.50
0x585FDa06EfAe8e70Bb964aaF91637C2581aaa268,2.50
0x58670Cc8D02E62d3eB55C0a64adBd3fFE4296576,2.50
0x58B71e48cEc834160e404C8C63f7Ba8B4943E9D5,2.50
0x58D9A499AC82D74b08b3Cb76E69d8f32e1395746,2.50
0x58D9E5BD3F98e5Df95775Df894a26B3656c1008b,2.50
0x58E99d423A0ab2f7382aed79e5Ac1b1fd341124A,2.50
0x58f123BD4261EA25955B362Be57D89F4B6E7110a,2.50
0x58F186590c4CFa3834635fD82cF709C2D28bc1Ce,2.50
0x5A927Ac639636E534b678e81768CA19e2C6280B7,2.50
0x5aB23324e92A718b7CA89A9A6d92d189857d0D62,2.50
0x5aD5a07FdEB88bA4faF016A21c9e789070Ad73De,2.50
0x5b24DeFa1CA1b4CDd7f95B3Cb359b918de8Ca1d9,2.50
0x5B5782ee7Df22D6557cA1F3714bcA611925C8417,2.50
0x5b807f0274FA7F4B56DCd0d8F24294A92b1716a1,2.50
0x5b969CF03C086d4C4f174bfCCbe3f0b858de764C,2.50
0x5B995416e057a9f8B16D57Fa6B9971aEc9B0959b,2.50
0x5BBdDE93E20383a3839f214379793663aE63dD73,2.50
0x5Bec2Da18110Fc69E3C191510eab9dbD4C5eb7dd,2.50
0x5c053Ed16a93Bd73521aA15c7854De0A22C66441,2.50
0x5c0E78fF0e1A554cE6789e209bEA10beA99f1435,2.50
0x5c2b3cBa9275E27F50760eAF75D94900470dbDC6,2.50
0x5c3Fa65c3eB57f83C67f947321AC5969e72ed44D,2.50
0x5C6419Ad374793Bb43aa86BfAB7577F4fDdf93b2,2.50
0x5cd9d9d70d1150bd9D7A75A8Fe15b64BCb936eBF,2.50
0x5ce15dBcDF9a7c65eF7f31d11Ccd49DF4ECd860D,2.50
0x5D3a0084DcB4CBd7abCcFD4CfF5f3280d253a8A2,2.50
0x5d3C9eB9cE1Bdd39B6416d78852E9eA8eD02418d,2.50
0x5Daaf3336A8E80010359C6F8b8E96844b87BE55e,2.50
0x5db628E7Fa3C45E141c9292Cb2a5BbA12838fBea,2.50
0x5dba530a4F06FbCE2865Baa35e5fFbb37AD3fD5A,2.50
0x5dC70A9b884f78Ee030a8c6ad3b3b7dc10Bbe7f4,2.50
0x5DFa1A7f005b61F26C3f6C227723259f0d890d89,2.50
0x5E107D623164c1c56298276F70cEf3C66d8A92D0,2.50
0x5E1610784f0b8c1CD1DF8170eC28a59e94cB5c0d,2.50
0x5E2f5601A5074AcCDFe4f79D2Cd5E5cB24672c28,2.50
0x5e3666054B351ffFF4c49812F32972FC6ecd1293,2.50
0x5e55B08192078ff457ac2ef0ed1d8516a0c4D554,2.50
0x5edaD392B2A0c19aa94e8e4C6e05065f60431648,2.50
0x5EdC4a692C4c2500d41C1BB863a113dBEF4abefD,2.50
0x5ee22c3d96fCf2579e0eb15564c980E9dd1D1013,2.50
0x5F1f0612fF941737b14a71407881b48EcB1c5f41,2.50
0x5f44368F3F33938cb9C832184AE286657273025D,2.50
0x5f57C686bdbc03242C8Fa723B80f0A6CDea79546,2.50
0x5f8284385F4ce7F74F3b6578970166Ce8EF1c4a1,2.50
0x5f953083dff60cA2e51408FbB77f57B6FD23A4b1,2.50
0x5fAB3283Fb108F23E0e77b342389E16de02A4146,2.50
0x6002cA2e11B8e8c0F1F09c67F551B209eb51A0E4,2.50
0x60115436b7943e3E4953F9A0C28FAD2F984f9888,2.50
0x603185043f3B4E1342B734dFE77c0d3e0297fC7a,2.50
0x6070F09A7f228DaE57C8f5d97C27B15706AcA504,2.50
0x607259a2e2cb34D1A8F4eE0Ee3F6A98785BeE145,2.50
0x60D02a613da7181278e9f48241fDCc0b6EC28B7f,2.50
0x611eDA0AdAC972A6B6BE89f3F40dac05E82f8538,2.50
0x6155db1dD9eaaE8D4923fB6fF0bE4632c0E452B2,2.50
0x61836cF8D527C1B671b3c3d92afe1061D5A76E84,2.50
0x618d78142F87A08Ba92132C5E9204298ef665a55,2.50
0x6194831D4c36be44807B6c2CB7D8425619E7d4b5,2.50
0x61a36C36d95cD9e2b166556B4c858Fe1DDcCeBCc,2.50
0x61a3ef65b092CC876C3D1aa82f8a92672198EeFD,2.50
0x620594E7776ef1F2D12D35CFC03F73588CeA1682,2.50
0x62180042606624f02D8A130dA8A3171e9b33894d,2.50
0x6241a144896Ec1d87bfC71199C22eB3405dde440,2.50
0x625307dE45Bd25AD6bf6cC7391a308fc84067cf7,2.50
0x62e9A41e2e53e0CFAd8ef811619F86c3d4158Ab5,2.50
0x62Fa674C88351866aD3385c265613EC45FEd571d,2.50
0x63aC987cE0A27F7fCDFc7dE87F3305dbd2B51473,2.50
0x63B99c04fBb3cad2777F4E7C55030fCd1a2a5145,2.50
0x63F4567FA2A39EF6457dc9648e2266bE5fff0098,2.50
0x63FDD8896af5C5ED58800C459F288E598358aCbF,2.50
0x640A0964E80C2f2f5195acF0682d109A9788D150,2.50
0x6432c098bfedA15Dd4d0692C46bDB43091a95171,2.50
0x643Bdea73420E89759D5B729e0FD7a26350cCa22,2.50
0x645A444d7046CeEAa99c9B1ef75A5BFE8D805Da1,2.50
0x64e6c1F92eFA24A27A4833292948c1D8E6554D74,2.50
0x64EBDE2E66d3101e12973f407D97FdaCbdb5c313,2.50
0x6543c99d0e073c140Fd08A741c6cfdcd1449da94,2.50
0x6599BE9FbEf78fe48604791f14359A61DD9Dc50C,2.50
0x65e7a7f6F3fAD6FF5A7ddaC61E22F5E844BDD3C3,2.50
0x66782E5a061B5A63536f912380A6dcf9481900C7,2.50
0x6688A1a91697cBAfdCDf893C25E2273AB6Db67cd,2.50
0x66b1De0f14a0ce971F7f248415063D44CAF19398,2.50
0x66CE151f5eA5114C5dd7Aa9a70c3C7BC7C1a5502,2.50
0x66ED3f0Dc9e3678315d3232F3be7d9390a0904e6,2.50
0x6717810f7F2674e7d35F28733d777C61464aF0b5,2.50
0x67243d6c3c3bDc2F59D2f74ba1949a02973a529d,2.50
0x6764b343D13bAad9F80784e1BA075abFfAAa0202,2.50
0x679D5412394d1B8664F338b03F1189A46B0b8187,2.50
0x67daAc3206d5aED2c602E192804655B41d338c4B,2.50
0x685c99E8780e5a7f158617cC2E9acc0e45a66120,2.50
0x6888b88AfB3ED18fd8C44dE3EC5a90E9eCF2d1D1,2.50
0x68900C5E22555212Bb745D46175527ECeefB8c5A,2.50
0x68b6f7dF21E3957519F9E03f1E45749d5D7b882e,2.50
0x68d36DcBDD7Bbf206e27134F28103abE7cf972df,2.50
0x68f272FcaaE074CB33E68D88a32c325ed0dF8379,2.50
0x6902E5CAf41158d3eD516cBd6D2807BB63863F42,2.50
0x690ea1E6078c71A25b95AB13A922EC8922960C04,2.50
0x69323BD279f2Ed51BFfE88Ab8F25A46fC53562bB,2.50
0x69560e8Fb27ef84925e813df3cA1cE5DC3eCa50A,2.50
0x6965a53a124F4570656b5565482bbe7dB3c215E2,2.50
0x6989BEB93D7B26C2d20ccA24Fa86645D4C69aaD3,2.50
0x69b8073891bdf59c944E434fb0b4bCd8eb1d639C,2.50
0x6a3C59414CF63A779FB9c3beE1C7F131a020bdD7,2.50
0x6aa7E7aA511B2be5642395Ca1fAEAD3A3b2Fc323,2.50
0x6aBad6bfac4e7861D681104a466C7739eAD124EA,2.50
0x6B211d8FaF8C1960BcD49BDEc26533B0987B0913,2.50
0x6B2a13Ef8d22df9bF44a5A4532e1b0bBCcE6444A,2.50
0x6B2F5549469C63036F0A13991af41A4882b08508,2.50
0x6b9deCD862164Ab30f01Ba54f3ACC4d5E7F0923b,2.50
0x6Bba54A952eF526Eef9AEA98f172929a54a3577e,2.50
0x6bD17643aCfab4932687E8949C7d034A5D91b1A1,2.50
0x6bF08768995E7430184a48e96940B83C15c1653f,2.50
0x6C179a9EC9Fe770BC4dea55F1cFDD20F1F01c2a0,2.50
0x6c34a8820D3a3c99AD6fcCA98f1d31b295FBf3d1,2.50
0x6c55456faf068E7e871633bCE7293826A51b8FCd,2.50
0x6C63f5075517FF3ab51d08F5aB51E98BAe5A36a7,2.50
0x6C70e5FC4e4926CD836A6F8B0645Aa1A077fa605,2.50
0x6C9acA829657648c7d3FAe6893fd19Fa5DcE8B4F,2.50
0x6cC34D9Fb4AE289256fc1896308D387Aee2bCc52,2.50
0x6Ce5e61F5Fc10FF504Bf06668c0b63728b0B0Fdc,2.50
0x6CEEa0FC41387fC6780aA78125ffdE3EcE0dc103,2.50
0x6D05723Bd4F3b0446920a5Bf0e89102b491A8C1e,2.50
0x6d2774e542186a01e89DCC7ce86a74E7DCA929f0,2.50
0x6D465d2081b799770d0Ce7E755d8dB1665903fFB,2.50
0x6Dbe35B62a574ECa5EEEE5d0374f182224896Bd9,2.50
0x6DC38C9Bcf066b89464b51686490c63893a74D13,2.50
0x6DD6934452eB4E6D87B9c874AE0EF83ec3bd5803,2.50
0x6dF22A6B052EF3a49974e5616CBffA384A6A99AE,2.50
0x6Df9817Bee9E54ffffcc1eb2a1Db5d9EaAFdf3f1,2.50
0x6e0300C48c33381fc49447CC6c5f2301DAC0A1D4,2.50
0x6e36767bC2975827aAE18342F38cBc47355d425f,2.50
0x6E40ce9003893E3642e9c2D2a93081c805881bB5,2.50
0x6E93bb78C50205cB0476cB55f6f00A1b31fADFa9,2.50
0x6eA0C0854D9695424d51d00dFa1bFa0a260c364E,2.50
0x6Ead4327908a7655215d8f757D661fF32F171123,2.50
0x6F08B478FF5c7796bcEF49c9de3917e43B352C7B,2.50
0x6f179df041515030dD3Ec0d49Ea1e726D3B8aeE4,2.50
0x6F262fDb7edAE7415a84Abb120C79F6D14922553,2.50
0x6f345e958b800Fec6655115F0C163aC8D456351A,2.50
0x6f7Ad1A49865cCA2EC0dA20d6Ef62B71A86BfE4F,2.50
0x7021BAa02c892Eb6E4F544603E3c3a2d64a330F2,2.50
0x703687D6adCABF6C48c11Ce1889B64d36cEc675b,2.50
0x7062AEf12663616Cffbe474628c387A04729490D,2.50
0x706cb5d6f7B7ed9dCd3376Df5B124970f5bf681a,2.50
0x708828A29FA113E901D0EBD30c4b64fEF7374B66,2.50
0x70E9F39017B453b8fA9F9ea7ec5B2689BB3328c5,2.50
0x7140F494dad1113B99a25CFd7D31635A1dcA5A8b,2.50
0x714362Fa571f1AF2CeA8289ee3f6CaB052b5Fb3A,2.50
0x71546E6AE97254942c5FB38CC9754FabEb0Bc744,2.50
0x716103393284064c8DB76D28961c8CfDD89405Cb,2.50
0x71a38033744606126ED2838b00206e1978e6db50,2.50
0x71C16C341A7374F4B132E376377E77E68F174E7E,2.50
0x71D4b3D0b19E4931292e7422AC089Ba5C90811e5,2.50
0x71e6D4551Da604Cf5Bd1D8230D9Fd49328000933,2.50
0x71fe84c1FD808aa918e7F07008e5Bc842D6F7b11,2.50
0x721bA19c32051Fd8e851a74958C52936516c7fDC,2.50
0x7255FE6f25ecaED72E85338c131D0daA60724Ecc,2.50
0x72aEa6e8EEc2400a4C2C2481C4f79aa8F6e309F1,2.50
0x72b2Cb558bF17F9e5AA40754A4e26EC480C07554,2.50
0x72b5620a9FC4097C547F063aA0BdCc20664007c3,2.50
0x72c7f49Ae7b664CC09f6891b68eedB08aA2FC15b,2.50
0x72f7974dDd8ea8b2864295c4541A1a38db15e656,2.50
0x72FC484D60e0AE7D378aA70B3F399b4e068726e0,2.50
0x733050126A2DC4A944987b4Ef6f61e986f60bA98,2.50
0x733b87447f9637A4303eC35cC22f4D603b58dedb,2.50
0x743e9A51D1e9C7b91F49Ea9186C83101d669893C,2.50
0x744143D55Fa960F0364C23E6cb0c4D673C4E2017,2.50
0x747E999E365BE31a7DF3448d5615a004E558b09A,2.50
0x749fEE22929ffb4d9BE21fBeEF05ED076A94e68F,2.50
0x74c02fE52A544d3d1775796A9037cE560C40f581,2.50
0x74E0D8CaC30a81E3F10FD605aCD0622b8A48f78F,2.50
0x751077DfD4942aA28985bAA850f4C648d241C863,2.50
0x753a5842789f953D702f46Fd7805EDf23E0564E2,2.50
0x75479B52c8ccBD74716fb3EA17074AAeF14c66a2,2.50
0x75553e7D02A3FB50Dfad4a8D4d224F821cC499d2,2.50
0x75A6085Bbc25665B6891EA94475E6120897BA90b,2.50
0x75c1e14cD2D114686bd5B765Fcfe376176E41F1F,2.50
0x75D6070B480CdA27575ceb38BF836147da39Fd95,2.50
0x760101382e09c357794D90482eE5c4429Fc54641,2.50
0x7622B23Fd130e1fB87c5b45ea32Ba64a8ecFe98E,2.50
0x7627F6F49986603a4653AE755A9174D7d8FC4f3C,2.50
0x76577d204A5bd63b6D006222429c4D5124f4619c,2.50
0x766917c3Ee4AA5164b3A6F01363865efA8CE6fFd,2.50
0x76a6d946B37F9Cba630b66A5061580A23D475Ffc,2.50
0x76A74C083B24097E487254e9509A28E71fA3C997,2.50
0x76bA9825A5F707F133124E4608F1F2Dd1EF4006a,2.50
0x76D8111481DCa6E21130D923C7BB5C347335e2DC,2.50
0x76dAa4C77e41CE078D2BaDF3337EC060e4590A6d,2.50
0x76df86D2776d2Ea6F835f3D176c1Acb9db7849d2,2.50
0x775aF9b7c214Fe8792aB5f5da61a8708591d517E,2.50
0x7773a2ee2461226000646112331ff43315F1E055,2.50
0x7787476ada7Cd6e8c8aa715863F468d52856E09b,2.50
0x779D742b9bA14334773D68487d5A78Eec6A7e1d7,2.50
0x77B595CFD3992d4EFCd5Cc31077bf1B4475dE176,2.50
0x783F7cdC9B4b5D17F6C961d4f587d277b793C68e,2.50
0x785B51797c9DD21a766315e11dbBBAE14f31a4e3,2.50
0x7877A9114df30cbc1bfCf50E248D37D523aCF0A3,2.50
0x78918036a8e4B9179bEE3CAB57110A3397986E44,2.50
0x7894d3eBFAb3ec41BA9779C7c6978C399bfC1209,2.50
0x7903B638800a418F50287445d6537160bF6fEc1b,2.50
0x790BEd7B93e14235d8EB153Eb7CF4497906260F4,2.50
0x79180828a8259B12F507Ca30737997973E9001c2,2.50
0x796A716E8Ce3b4F4c2F286674185d6e92B48407a,2.50
0x7A302fE2F39da7f8D8A5F82dED4A533bb493d926,2.50
0x7a65f74A499A0f564Cc856e134c908E082bd5e4d,2.50
0x7a6d7c67b3E11ca468d2B0e89EB5Bb51BAEa4d8e,2.50
0x7AB92Ce66C975c9e2daBBB9C682A794EB0a7425b,2.50
0x7ac1B5d831B40D378c13c7F6312a145A15Ea7Ea9,2.50
0x7ACFcD700efb046Ba9064F2860A6cac3416fD6A9,2.50
0x7Af3008f6a753E56a5Ae0d6BB942a36DfA90E5e6,2.50
0x7b13c2F7AaA8C772Bd0a13A86B0CF633fAf790B0,2.50
0x7b4985FbE4c5a24b082b671eE50f197760E3cB65,2.50
0x7B53f329464d5775df42661b1068Ee9E0CF934DE,2.50
0x7B589F83c23f01BA6ddea1094eE66CdC9Cc70e02,2.50
0x7b8B83e68C73AA4F00e6eD1A505dE15147AD5764,2.50
0x7bAc7a7f036e944Cc7fa04090FBb125253B63784,2.50
0x7c1555A3caE07da85488e941949dFEa2122c727F,2.50
0x7c1bab6EB96d606667eA966e7B7FAEcB29f53D4F,2.50
0x7c2eF14C45ff6EEEB20a8d62F4488EE0090ad170,2.50
0x7c52D1870423A266f6b0626fBC20EcA148D0300B,2.50
0x7c9363F704F053E9bc709B50a1bbC6e83884BB61,2.50
0x7c95b44aF8C094DfC1A0e31dD54aF0826Bc5e061,2.50
0x7ce718Fb6bf6178AD63E1111F80088B5CE926219,2.50
0x7d189C4a633d6b56E40b0B4f4030d5578dBED108,2.50
0x7d547666209755FB833f9B37EebEa38eBF513Abb,2.50
0x7daFC3875a3e7361D5Ab7B5B666CafA52B083800,2.50
0x7e1d2c5DBC390e6506d7E6cb335742DCD1922710,2.50
0x7E33fdf75c72A655fAD8Bd5e93621B8d1F55f6B9,2.50
0x7e3836411CB727ecF212071763E9ADA4eF7cbCaa,2.50
0x7e8C04C76B089c592Ae64a053116762eefcFb5d6,2.50
0x7E989e785d0836b509B814a7898356FdeAAAE889,2.50
0x7E9aB126c6C06e091DeF88A5a7803680ca4807ab,2.50
0x7Ee06c4Fd7E9C33CebEd2Ec23018Fa99Fe82B7C0,2.50
0x7F953f11343408eBCcaEcd04eB0D1E6bacDEf87F,2.50
0x7F990adf733fA970e7d23E89eD61a6BECC83e4aF,2.50
0x7F9951a408C3384ae8D8E3f6A2D2f60f53e7eeB0,2.50
0x7Fdd26B919b651054f475E2c995720808B4cB6D7,2.50
0x806882790c02dF1Fe35AC7a88D059bf0956a6Fa7,2.50
0x808a2adbD0a3fc679e3F7CD18d4f579BFCaaEC9C,2.50
0x8115AfD8DFfCE5579381AD27524b6Feeae917BEF,2.50
0x81425a9B654D033aeE76aB174a35991325D0bdA9,2.50
0x81f3280bF8497157622a49477e7B36C565379988,2.50
0x8204f8CC39bc808dD3b5A23142A550549f6C9c87,2.50
0x82425F5d3483E040fCD810cdDF5657e7f8eC758e,2.50
0x8246397AD0053515661538BE367e5123B67AFA66,2.50
0x826976d7C600d45FB8287CA1d7c76FC8eb732030,2.50
0x82c6b4E75Ef8A3669359F7368266FF8F7C719D93,2.50
0x834162B3DcAf00d7e4eD3f1630DB2506Db868fCA,2.50
0x834c8aa9b00Ce22e777A15e727f441D6a2235904,2.50
0x837F0DcF97125bC9586af49bb4a727E009d0f5F3,2.50
0x83C2e8E159d14BdFd9CBa21De2ac1f25e48C5955,2.50
0x841aE9Ec0753A2514CCf618229F980C95e1E1594,2.50
0x843dcF1e6c509ba962E31723202bACc671A7cFb8,2.50
0x847dBDEF6B03AAc8be266598928Ca0d994aaA400,2.50
0x8480D20583A3138Fef7C23EeD8F17Bf3C01E73b7,2.50
0x84B04E08444638F44F3Fca1e1d6aFEd446c9C2C8,2.50
0x84e1056eD1B76fB03b43e924EF98833dBA394b2B,2.50
0x853bc45c24cA3b6b05e603502cf1Da50006df8fD,2.50
0x85c41b268D569E5D21e457937559C27dE5d47E8F,2.50
0x85d926Ff15dD1611E50e42C9F6Efe918c1c36C64,2.50
0x85F0E1E398Eb6935e821EEFb418333064204CC6B,2.50
0x8606adE7ff0Dd1335cAe0D3dA7De48Db47c3b59D,2.50
0x8625B95992032C7fc9a2Caf120fE6F300DacDD8b,2.50
0x8638808B98844E2b5BF7383CaCA50D6F4083edF8,2.50
0x86f8D93b0144C4B445906c2aaFB3d5ab70c98dF9,2.50
0x87133C5241773339987e2C613995E6824E612ce1,2.50
0x872a4ffae5a3294646d136a1dBB1dfb14c3d604d,2.50
0x874eAFdfe998508D79e47CA5D321De11CD438372,2.50
0x87956abC4078a0Cc3b89b419928b857B8AF826Ed,2.50
0x881a01BBA8182E14624c046Fd5880c84D14A1507,2.50
0x885ea391039e0FA3f6833a1F3B6d7433B5b69bb6,2.50
0x8865d9736Ad52c6cdBbEA9bCd376108284CFd0e4,2.50
0x8888e0a2d239Ac0dA66854c670F3e9c6d48C6AEE,2.50
0x88E4DFd2a7397aFDe2D9c827AdFdDe77C778300F,2.50
0x8913b99d5efD9e391AdE59168230F6425813D90A,2.50
0x8931D7F08fe5B04B3dfDF6Ae694E4F20403CbD7f,2.50
0x8995c894412D3e50503A74263B770E53F7B0F87c,2.50
0x89ad2a1f98266C760F585c56A661E7334F8f1d91,2.50
0x89C7a785BeF8553bAaC2D0447088c5f6d4cbaB9D,2.50
0x89f2326C50592c5a1e576f27e10A70E0E592A169,2.50
0x8a0C8ec9F6a42C3B8dC07565306ece2C376de34B,2.50
0x8A5B025e4e51445DAe0B2533dea904880D4E3bD2,2.50
0x8A6179db1BE4EeAa380914fe38A975F983b65488,2.50
0x8a78342d8157070388AC78b341D7bD14fcF60319,2.50
0x8A9E0BF5145E498CEE8Df259dDaedb91A50A0A57,2.50
0x8afAccdc911370bD13a21A7073eAb799DD2cD2b7,2.50
0x8B100a07903A36587Df5B333Cf65120E82C9Eeb5,2.50
0x8b80755C441d355405CA7571443Bb9247B77Ec16,2.50
0x8B98AF5d06C9d34042f93B1c0889F1E95170B0fE,2.50
0x8bF19E396D4398E7340C1423cDE2804dd70c107b,2.50
0x8C2e843664Be468522769b0d1B3B604A17962249,2.50
0x8c79cCB572d5dcD96af6734BA1E5019D98fCAFc4,2.50
0x8c8530E7a1Fa18D415dc8c42594337703E44C357,2.50
0x8C913aEc7443FE2018639133398955e0E17FB0C1,2.50
0x8cA2D9f8818B3F8DbC10A5BEF5557f73069516B7,2.50
0x8cd981b05b3F3fA0c3D69aD61Ce86D7431C2Cb2d,2.50
0x8D7544695d6aBDb17891180F53cD821a27dbFff0,2.50
0x8d7A86A304890abaA30Ef6a2aAd037531C071D37,2.50
0x8Db24Bc022DB9D56c1455967D3Bcf862b7942951,2.50
0x8dbfA751E85BA82ED3a89df4ED9dFE472d879a89,2.50
0x8e18a87730bE3fECbB2Dbd880194bDdaBaE4E1fC,2.50
0x8e3c1a6d6516a2CD418923c662A993FA3f1cB6EA,2.50
0x8ea8291d268Fc56e5D3BFF0cE39A3254089fBF8a,2.50
0x8eFD27A5A585e2220d3d013F24722D8474Eaa6F9,2.50
0x8eFEf89ba4F988A4478Fd30331E1c6df3c00583D,2.50
0x8F004F5A2B12eB26CC77291AA879c42A4af1Ae6D,2.50
0x8F942ECED007bD3976927B7958B50Df126FEeCb5,2.50
0x8Fa122Ca8973CD4F3Ab6Df5358764777922aFF6d,2.50
0x8fAf5a5e8967AF823AEE9b467A94871c9D3F6316,2.50
0x8FB4662e669e88ec236E2FCF92b46fBDE9662e5a,2.50
0x8fD3c029aeccCD475b971b4A6aFD79a57bc7220b,2.50
0x9068e199f56F5214Ec747E308d0bFfa573780aA7,2.50
0x90749a8B58dF5B3c21661ca00873eEDEd0450c33,2.50
0x908f55E7882C47Db6b43C47509027FC106FA3622,2.50
0x90b0dEc1f1bbA847015904C115B8A99BF22925c5,2.50
0x910BD94FBe21Ad95902b4Ce2f57a83C898c1C822,2.50
0x911eDbE1f92cc67F7bABA6d38381BA16E76ff7df,2.50
0x9122bf9e87fd5b23248837e35DB4592F52396386,2.50
0x9194eFdF03174a804f3552F4F7B7A4bB74BaDb7F,2.50
0x91a7781356735A74Aa69bDE618B5872c18328754,2.50
0x9200c33c0B5091d74F1bDD8473A4Bea5D995826A,2.50
0x9204B25E6E07e5498D0fa23434B95B3B52CEC9Db,2.50
0x9240288086bc868fb98912b31b401d8942ED51Bf,2.50
0x92c20F715472AAd2c7fc7284F0C2e4fAd39e28Af,2.50
0x93319c587d32b763f627b76cF99e282861562dAe,2.50
0x9345a54906191505c6Efd5FDd6A3F02D994C44Aa,2.50
0x935902bC8136E3477Bfc420f68CA98297196c1C1,2.50
0x9396c0fED2aF8257F59437F461De1c8fF7b06630,2.50
0x943284Ed2ffeC9ffCb3807a3185D79ACe76918Eb,2.50
0x945138fA0fE914AD15DB4a9a79017d41bc656b76,2.50
0x94aC950965731f71FA1a1666Beb48216dbA73E09,2.50
0x9562Ef91f565B1d4bAA96476A6fcF8E49F3495A0,2.50
0x956399c2b1e249e0b432E8C17c798d2A3Cd1f1df,2.50
0x958f47D2C2F821e05920ea670a5d1FB361c35803,2.50
0x95a223299319022a842D0DfE4851C145A2F615B9,2.50
0x95a807bcAb5a16901628acF90FC3057061a3fce9,2.50
0x95ADD9Dc65d6e26DB140da8771e17571795f76A4,2.50
0x962B9B8C8986E632031ea1Dccd4d0aD9899cF7A2,2.50
0x9663eeFD2817572dB25A7C0a0E6CCcB3F0e5f121,2.50
0x9672c0e1639F159334Ca1288D4a24DEb02117291,2.50
0x96B48b2FDDBBFcDF58571491F58d2c286FbdB747,2.50
0x96b63E3853aa498214DC482700f5B9891324179d,2.50
0x96c7655f0A953A1BB2dAD36D357e8749D7B46dB9,2.50
0x97080958b63Dec83Cfd7Bf99E69560456d154932,2.50
0x975bc19B435D4ca9907fe3A2c1933419AFf4D19e,2.50
0x975fC3062C790429e40B1085728B3938D5bCeF72,2.50
0x978f664433aBf02b7460f5ED138F8Eb46DAc2547,2.50
0x97ca60A08b2d2c38F14AB18fCA6d77457DdA0eAe,2.50
0x97EC9ec5F3937F3Dede6eF4B83069bfEbF2635E6,2.50
0x97f752e1d5F64CA932c32dBfF82f4c92710beE54,2.50
0x97Fe0a88Ab8f086654873fc34733a2bD782976a9,2.50
0x980d1F641330E9bBae88a29a37B5a3C16E38E257,2.50
0x9827458298C6DBCc00A42732620b5D856b299b26,2.50
0x9833bD1c2E629a5d2e7D5B15eBe250e8Ffa4AA96,2.50
0x986e92868A27548a31e88f7692E746CD7E86f39a,2.50
0x988e6EE6f1678220aA5D5464A3f5E2571529Df4B,2.50
0x989289216A7948B3eF3180B7543d816944e0c713,2.50
0x98A56925345FCA417c2AB596c945898dAfC0414d,2.50
0x98e2BB4a6f6b7bB377a66d6c6af6Bb84a051A10C,2.50
0x98e9234D97cedCB854D60Cfe0355d5d90e844b0A,2.50
0x991b1aDe06d49454FD7A2cAeaf31F908e00d1c63,2.50
0x9934f8CcFdF5E008aC8c07bf00582A833cd33b99,2.50
0x9951C63326219D8b2B7EE5489026deB1e3302c29,2.50
0x997221571854eF2Bcdc72E875EE0C23620b37DE5,2.50
0x99b9bB23D300Dda4A1dC9eb8d2333704b235c165,2.50
0x9a591DcF384676856174d3265C4f0Fa5aa8CDe6a,2.50
0x9A7eD3946173cd03De4e942fa41d66a53Bb03F29,2.50
0x9A84D7cD1Ce11F2f52EE7417B43c6dbc1F7aC4F1,2.50
0x9ad22Bca83843b41279D023b687195eAC00041fb,2.50
0x9ae1e982Fc9A9D799e611843CB9154410f11Fe35,2.50
0x9B31015998A76Bf8ec64dEa92cb26Eace5Fa9D14,2.50
0x9bD8011Af154f63589D8c71D50238c44aD7A6764,2.50
0x9bE06a9F5299752c5c56E280B2C1985267FE098A,2.50
0x9Be6e30F2077b0DFab37FB7d7ad59B4a727ade67,2.50
0x9c281902C8dEFdD2277993318EE702dA5B708752,2.50
0x9C7b16E49c2F579453C45CA0BF7771A43Dc61449,2.50
0x9D0056870EF109a256213c0a244cc8957727629C,2.50
0x9D6AfD3Dd7cbe2429764788c2ef3a607D57943d6,2.50
0x9dB79154098eB96D285496d8F67BFa65ED0E95d0,2.50
0x9e10b50833504655b4671F21900602E3C569C83C,2.50
0x9e17B9aFdfda52B00A89D72996ba1A5D99E3eD54,2.50
0x9e184D5BaA4E52222fd9E6acd72a9364d7b9166e,2.50
0x9E3ac11D3a206B87528393969c1a54b16A672807,2.50
0x9eaD888876b3978E8b138d4B6416111255B89e03,2.50
0x9eCa84C45de0c52498c4F439a0cc061e68bA5A1a,2.50
0x9F87C1aCaF3Afc6a5557c58284D9F8609470b571,2.50
0x9F9e26f06eF1FD5954DeEB897a8a16C1dcAea669,2.50
0x9fB15e5dFEA74a9DD18e31A87e8D7BC5966d55E5,2.50
0x9Fc45305B51837f7488245A1346F8847A0aB4B9c,2.50
0x9FC6a97F1c62C2C87E159652ec21dBBe8887CEAB,2.50
0x9Fc7EEACD27d38a436462BB43AD97E49106820D7,2.50
0xa014771a0e8e868A4c1cc23A1bD439D50B2E8229,2.50
0xA02755e772B8f0331341610d2107B040522326FC,2.50
0xa03239b8C59Df2C79665D8cfbf3A6C1a9B2e5668,2.50
0xA04F381ce78A109B222c1401b2029509c762769a,2.50
0xA058f9D15551EDab64fFF26203E53b5B40c0f55C,2.50
0xA0A1A1736D98C835BD2608ABFE242bA7E65D2126,2.50
0xa0Ee4c8c3F312B758Bc7C5d865D9a2B54B2c333B,2.50
0xA178DF06850C83A9541dc06ca98753d2B2831e7E,2.50
0xa188be7bEa68C670Ef95d4b4f472D7beec7E41AB,2.50
0xA191fD04eBF22bb9317094557Cad0CF68D0767Cf,2.50
0xA1a3Ae5dD11B228cB8A326c37761eD2209d0A398,2.50
0xa1e9e9c9D8D7B2652d12493EA5C510Ae038A77CC,2.50
0xA1eB7EA315a3F528c176BC43A7443d37133F0852,2.50
0xA2944098eE88B83B10f13194afcBf1d72916c58b,2.50
0xa312714fC5C746348f8ffd17b2f3783082667431,2.50
0xa3251DF5d6d1b8C4461Aa229e0E6A42E7360dD90,2.50
0xA3520bCC02bcbb0Ea16Cb1Faa2C8aacE848a2348,2.50
0xA36a003B68a53E7F3972729a85B7723f07c6D5d7,2.50
0xA3bB19647FB2bBCFF1B288C90328bCceD05AC261,2.50
0xa3CeCa57E4BEE224A7FE7aa46AE7f4418d54cF8d,2.50
0xA3d0233b9433162Ea28e633a3aDeC194fA5a9F90,2.50
0xa3F592D1732b44C5adf34827BA9634a9aa5E679e,2.50
0xA40358153514d5cbB76c72214442b407e5775721,2.50
0xA428B592888811eBDDeD34161eca2450c6650803,2.50
0xa4694C0f40395AA7A1c6ce6CC4209569E762e33C,2.50
0xA48800e3c77bE645A72eC5596958702067219C3B,2.50
0xa4B2815B66ca21B681d2e1C25a9A54ced751A2e3,2.50
0xA4F13E04004Fcff4102Aa57F1c629d536D3831A1,2.50
0xA55C0C00b66521BAAB9DBF43855f2F17b2f8CffC,2.50
0xa568621ECF1ac355e94e50aD8e7c55ec702ba426,2.50
0xa5C1A4Db66716A87DF99692561AC7102857e2119,2.50
0xA5FB0C2D30D76c10dBf00B654Af385f9E71bb18e,2.50
0xA65eEf5D0566Ef2ED242d8719111e3116333278d,2.50
0xA6adEdD1aDc8237aC8c5d3009cC5D4B90Fc0a8CF,2.50
0xA6C665d54da0A4a3D33C659EF5295C9Bbc09BC0e,2.50
0xA6d1aD3211aC69965c7221AE987F6190687D4C75,2.50
0xa717b19A5Af172F7D0d93C624F1FA5e089fc3E57,2.50
0xA72dc22488c456Fff174131Bd6c5840b33C1EDcc,2.50
0xA788b42509063cd7A70c865e4EeDe15e04eFC32e,2.50
0xa7E458A1b32070387e7548063E1F5e7f3982E6D1,2.50
0xA7e6F5e45593245bdB6001317299A04E03ef4B1D,2.50
0xa83D8B754fFa68946462Aa40C068DDcb204EEA40,2.50
0xA8589827609ECEF075F28856b65060764aD67601,2.50
0xa85D5BEe27EC7f436A06634Fe6D2A8c3477Eb6C5,2.50
0xA86275c0fa6de82eb4a4D5DCe5A9bBf60984fC41,2.50
0xa873baa34eA1868194e5937E3aefD20dD2e549EA,2.50
0xA874DDcA6a9fCAfCbbaF046e81a5374a9C445AD8,2.50
0xa8BB60701670A91b693eb119EacCb0fe4D53Ac6b,2.50
0xA8cadC2268B01395f8573682fb9DD00Bd582E8A0,2.50
0xA8E0023c63F8819Db72EC3ae833367F08D5a9A98,2.50
0xa903C06BF35286f6d1cDAD25396748353979a44C,2.50
0xa93Ae3a2cE1714F422eC2d799c48A56b2035C872,2.50
0xA94261cB2eCc47D6267087bE340ab96f5d6273A0,2.50
0xA96B81237887c5aB9D98f0937d4F5A07D932fF5D,2.50
0xa98d6379B100170134aB28674972998D2055369E,2.50
0xa9952D7C14f3C96bd49f241a1a0113b5e5bAe8e5,2.50
0xA99F898530dF1514A566f1a6562D62809e99557D,2.50
0xa9A94e4718c045CCdf94266403aF4aDD53A2fD15,2.50
0xa9E1BAE837d0D3b5879a69550d7C387Ce57aD753,2.50
0xAa01DeC5307CF17F20881A3286dcaA062578cea7,2.50
0xAa197624BF7283e2120Ee9d25490485C11F17FD0,2.50
0xaa3dcAe90268e07bE651Cfd4A2dF3fDA078571Fc,2.50
0xAA5fa3489E5eEdfA0726660Cf52Ca984562e9caa,2.50
0xAa81f641d4b3546F05260F49DEc69Eb0314c47De,2.50
0xaAA1D204D78De81a6EfF5264928A6B49eE748050,2.50
0xAaA9A569c2e631B4e33e62d044020f21c114f450,2.50
0xaAC64fb131145289774a6f6C87a4524Ae5743ae3,2.50
0xaaD8EF8E3C3ad608e872F80b912968A6F108047D,2.50
0xaB011132917333ab8d03f8fCf462861A5de12ddf,2.50
0xab03ba26b31DA14445164BAC5F992c244d49f417,2.50
0xab0DaE31eB6bd328D57C9182dFB3A57B487BCCA5,2.50
0xab4C8D86030353A8751c1E5Ae2BE0C1173a11543,2.50
0xaB7b49bacd43BD4CfA41433D477F690Bb9E1fB26,2.50
0xaB8131FE3C0cB081630502ED26C89C51103E37ce,2.50
0xaB8a67743325347Aa53bCC66850f8F13df87e3AF,2.50
0xABC2ff08918F4AA26D50Af152fB41fd6D0c899b0,2.50
0xAbC82d4492f72B8c2FB102544408bc2a24Eef7A5,2.50
0xaC4361f56c82Ed59D533d45129F407015D84702a,2.50
0xaC56f7199E5D5361c7Ed75EB6C5B0608eFACc4b0,2.50
0xAC888590db879cc0c6450Bf92804919B19a1fc1a,2.50
0xAD16ebE6FfC7d96624A380F394cD64395B0C6144,2.50
0xad1cC70Bbc1F65580da8B7Ff4d9d5A8f6b7BeBA7,2.50
0xad287635001cd49A53147C3930843589469bcBF6,2.50
0xaD824Fad1BBd09d833A0386545Ca98C3a1F60A1F,2.50
0xAd8c7c05ACca9eD899E0f1EEE5De9643Bb2606B3,2.50
0xad9083c6CaDc572988eFB604a87E86F8dE205BdC,2.50
0xAdaDB15677164b5C266C733A8bcb002BB7ea57ff,2.50
0xAdc8B5A28b75E9c0C1E94502F7df9612df182896,2.50
0xAdD54850a2E11f975cfB68A05FD15ADc4FE64729,2.50
0xadd922C4966514Fb6C10405441fe690EcE5f804F,2.50
0xAe8077148D2B27D37Fc84E4cD0F3c78dfb6a602E,2.50
0xaec522ef53CF59dD2d275012f66ba73611755251,2.50
0xaeE6b099f09142f95d0680C379c82C0A3D306a64,2.50
0xAeEDEEE3C78555b981Ffc82abf5189C6f04D816c,2.50
0xAf0dAf65664922b0124287c256Ae826D2E0b767A,2.50
0xB00E3b90bCAB0578393452EebcbFB7C28b0e0Cd5,2.50
0xb02FcBebD6f115d8d424e6E3EdE41AcB668D5D27,2.50
0xb03F5438f9A243De5C3B830B7841EC315034cD5f,2.50
0xB08F0ca73E8A59a1b7970e22B8ed2F9142c3fA53,2.50
0xB0CCf43adA6CBaA26dcf4907117b496d49f74242,2.50
0xb0E7E1D7E3aD1E7C6Ce3BaD881Ed95AEA0df7713,2.50
0xb0Ea9Ee04fCB6c9BBf11B7Bd92597a87B535AEac,2.50
0xB0Fb5Cb37b834a9B6D1Df88f909690003a711406,2.50
0xB10F35351fF21bb81dC02D4FD901Ac5AE34E8Dc4,2.50
0xB1216632988daD2a6e32F0b5D0FEddabB3CadE91,2.50
0xb14A817e75945B7AC319063BF04B24Bd469dD272,2.50
0xb1747D4C09d754593D96A035564F7962b16895d5,2.50
0xB21216746DFfba2Aacd57539526f11556b9BE189,2.50
0xb25eAE05c2038C2154005c97F111D229f0C77058,2.50
0xb2a3b5B9d2C0f07cBA328b58737147cfc172EB9f,2.50
0xB2CcE45044506A854f0415dfb174f8812a39dfb0,2.50
0xB2D698BDBFd044D76a6a524C24C997DC24149398,2.50
0xB2Ebc9b3a788aFB1E942eD65B59E9E49A1eE500D,2.50
0xb398447e51C621ed7f87C322BF1CAA5f27E48feb,2.50
0xB405b3E6494CAc9a88660362Ee19C38E955E2C6E,2.50
0xB4167B293Ea161B81D7856c1cf7687503E49C9F3,2.50
0xb464CA834796272E08Dc6460940B281B046a2cEe,2.50
0xb4D8063B3446CEC0C536208807241767A0eA6D18,2.50
0xB51fe34f4990Ef2dC919A60502F2469A3158f952,2.50
0xB521e8F535065256e636a3d24FB2990B4538c5d8,2.50
0xB538526731b3AAe9a90199837E778995Ef05916B,2.50
0xB542c5979c6737eAC9f357354b17ac9c3d354CE3,2.50
0xB55a7B37A99e9728EB4d195Ba5645bDd3F66862F,2.50
0xB55B87c78D6EE66945ab0E8Fde47DD8c82Ceb99c,2.50
0xB56e034553CE2590E98E41c5508c059Ef8F7b5EE,2.50
0xB5852bAfE547E3A14e76e2D2ECb134Fea8dD60D9,2.50
0xb592157cBCa197999C71a8F286a8e2df37A829c0,2.50
0xb5C1213EE9ddf312c98F6e94caF5c421C86AbfF3,2.50
0xB634Af3EA952ae0d34932Be1B2d1d2C8993Def90,2.50
0xB65057d098e540754e9Ca9fa6fdebEF8b3805C16,2.50
0xB69cDAa91799b22B512d09F3dBCCa68979C62C34,2.50
0xb6BC21B770Df019225f122E07dAc3E4984CfF95a,2.50
0xB72a04B01BB80DfD6a42ea8E0907B892286113F2,2.50
0xb7402bfc429E1640Fb087c10003E2360dF9DBcDb,2.50
0xb7658AAC84dBe5924Badc9d780c36442dD46306e,2.50
0xb785a498755a8c64C9DEEa91eC6374233F370712,2.50
0xb7E6433050B016D3f6a4dEEb428D4016414485F5,2.50
0xb7Ea210af4B5BEB16f39C3D94d9bD5F84557AE47,2.50
0xb864aBf9fC4d89FF8fa4b3A97735168430F12750,2.50
0xB895470e0463D82eb65681d732F2C28BF60d5F83,2.50
0xB89f354FC48c1EDC490c9Ef06f243caCa727065f,2.50
0xb8ba8af7Cc01a4581Ba5C1d6b4B322C1b8F5eFBe,2.50
0xb8fc1B83C3668aE2e805A94dbD40Aac5dadB4c68,2.50
0xB91833386627cb178D99fEbad89236E35C0AD43f,2.50
0xb91bd1B99420FfEA6D287103fA11e9a969CC88a7,2.50
0xb93000B129140B9aCdEACa9A7190275f42426CFD,2.50
0xb941799FcE1cF7C25543b84B4a3674AD446eB131,2.50
0xb981BDb5B1de479Cbc4986FC669235EE194a9070,2.50
0xb9b37CbCf89f12C85C5F5Fa319AB6Bd97FB4F67C,2.50
0xb9b8E5A4b19bE60FCC512d98F22F43E975571781,2.50
0xB9f5039273a63275D2f15E3C970bdbFcf47D0a5f,2.50
0xbA5261157aD666351c1114ef78eE611710629a33,2.50
0xba5f2760348c82A897592E8A82f9430AEbc01773,2.50
0xbA6E1C26bE2F8b46D9e7ab7573b99921Ee81AcF5,2.50
0xBA78CD28F7132958235D278fF3C5DC5E6d34cc15,2.50
0xBaC245c77a1301dFa2F542B720aD91B8d2cDa4ED,2.50
0xBB2aEDb3e7e309085cf1AB3D622F6AF1E4707154,2.50
0xbB4782129290CA082D647EE27DffF1D0E6d2b728,2.50
0xBb7cDf45Ef1BfD6192494Fd8DCbC465f4CFf3eDC,2.50
0xbB8743ea733155fe5E81eD285aEA72Cc19B2cA87,2.50
0xbb8eeB1b3494e123144Ce38E1aac8f7b96b5EfA5,2.50
0xBB90c60277D986ac809bc760340940549fc7504C,2.50
0xBBd9ab4Da21854E633D9803825831f879Bb57280,2.50
0xbBe844467051fE04CCE050efB42cF824431d1e52,2.50
0xBC5b552641e5d203f0a6C230aA9dC14DA7450053,2.50
0xbc6D2a84602eD2b77ae8c01e610d138e5F597d18,2.50
0xBC99c4BD93c24Db1Bf553F2c7F9348be639fe5B6,2.50
0xBcC224605383Cb72dc603B1e3b4f4678B371C4DC,2.50
0xbd6c1f8d5692D49325fDf12dAA00DAC59224De08,2.50
0xBd7041c03B68467a55596F375c3e4Bb716406a23,2.50
0xbE278527D392Ebb1cBe4818b95d984Ff0a773d73,2.50
0xBe8683952A47717c1677b0eF2fCd780437d8358A,2.50
0xbeC48f1cCf82d8e4C983Ee00Ac2eC6B03B81d710,2.50
0xBF8641831D15c2701BA122981C3D7A6A2533ea48,2.50
0xbFc14BC72590eB653AF0873d3401Fac602942Ad3,2.50
0xC0005Eb563777eF562D4655923C961E621cB05EC,2.50
0xc00ac0C9378c8Fc13a1136B839A7e3DC7dDd147A,2.50
0xC029Fb122Cf66815837b83ea93c6135472a6EADd,2.50
0xC05a516d0b741B1F11F31eBF96F3b69b278268A7,2.50
0xC145a9f3881DB3964dC5FC10c54c209800529D2c,2.50
0xC14827fFA31bF02875EfdEE7AC9271Ba82d99357,2.50
0xc151C0326dbF46F6D688C9Cb3DEb90c464E66192,2.50
0xc17bFCc95c83732C31048d66d539E3311DA55E13,2.50
0xC1908D8aA51fEa2ebd43aD0D3a01f8Bf2ff1225d,2.50
0xc1Ad35C9304128ff31b00580ccb674A0464D834C,2.50
0xC1c7E9d3935B9c1B5824461A549dC20e688DF1DE,2.50
0xC1D9c9fCA34E654def7b31dE1867d3eF31a04D77,2.50
0xc1F430ce2004AC0DBc0eCec68aF86eD986CF5146,2.50
0xc1f49Bb13146f64FEd29584D02AC413eCF694e1e,2.50
0xc22aBd1a6fA9b7e0FE7fa8FA4425641256cDa545,2.50
0xC255E8beFA8Ac594692C2d4c9037F4a563F5535F,2.50
0xC283d85baAe932121051d372EC93b377111714A1,2.50
0xc2B27c40D37d1d8338525656D5570A397Bc155E5,2.50
0xC2c7A52AFC863F2a6f10371886B3cCC53cA43789,2.50
0xc2e1C4749507C7918b6f2301251da4E21725e933,2.50
0xc2E2B715d9e302947Ec7e312fd2384b5a1296099,2.50
0xc2e83A2A14092388920b133A53b9Ff2B53Dd6bF1,2.50
0xC30a7675a6fA602174D9773F2381f097D0ddbDaE,2.50
0xC30D2B19bb28dcff740615F11C64D106fCf9698c,2.50
0xC3268DDB8E38302763fFdC9191FCEbD4C948fe1b,2.50
0xc34Cbe021F3b28CA8f949ee8C16CD5d29546F9d2,2.50
0xC36C141a6bb59f07Be5edAf8aD0432272002FCd9,2.50
0xc372958093939625d7d97e3319089CEC308d36E1,2.50
0xC39C8e7f820aC3B32283bCCFE367870A290F9035,2.50
0xc3A5d1Ad76b6F3663758f83BA16B9cEdeb15B39F,2.50
0xc3BFb4EB7A86EA0Ef19F66279463967f73679787,2.50
0xc3df219c6768B27c8f54f3E815E355f966042A9a,2.50
0xC41a7272B79b7bFE67A963d1F5619D15Fc908018,2.50
0xC42eF624f54BA8A5191480530295308E76eB5C9f,2.50
0xc4dCF38732F29b38FbCf211917523A83a68934A4,2.50
0xc4eB18ddc02c180EFb76A12Dc86d674B1145b9Ee,2.50
0xc4Fe86dD25F7FA9F1b4CcD4fdA4e68dbFeFcB601,2.50
0xc570E84E9217f63a28910B647Cdc83a89284144F,2.50
0xc5dDCFd59aB429e200F722177BD8Ad5F1F0d83Fc,2.50
0xc623930457c6b83E3C31e743e29B53B5CeFF4D8F,2.50
0xC62E3910B060205fdE6A02B2352d82019E843CC0,2.50
0xC655ab8D19138239F7397787a55B0CCeEFd73Fd7,2.50
0xc6837f9d06D95Fa90CF91A6Dd6bB8cb51bfcfc59,2.50
0xc6A5309dEC5bf7EB71409BA5d876567B1D0a6c62,2.50
0xc6c68296f0d9694C45977f5842303568d0F8B90c,2.50
0xc6Cf4E5C76475835eEbC2166aff3DDec0B3390a2,2.50
0xc7054D9500E9eE1AD7bF245BbDb5Eaa112a81737,2.50
0xc70BDc30c8F9D8CEC48B69bBe13ab3bd3bfed2F9,2.50
0xC71BF33C6C1F067470715c75f0ebEac933A7dD54,2.50
0xC75446A6AdaEF73269dBdEcE73536977B2b639e0,2.50
0xc797E9b7B99D1B0020b640bE930169d908DBe72a,2.50
0xc840f6C692c381ee5B95581B20eFAFa715e4C4e9,2.50
0xC8Af50428848b28ec5168037B54b7C7D83e168EE,2.50
0xC8b51359DbBE1E7Ee70F069299fD9B901Dc327B9,2.50
0xc8F20C9105410069C11EDEd2C05E1B2608103b25,2.50
0xC92FAe7e59fb249902c93e6977123c9465e3D083,2.50
0xc95Fda8A94437c1B936169b62858F13aE0386307,2.50
0xc96fB8B8633C166D502Ae4e9B0F575a459bC874a,2.50
0xC984EBc5eF761e623c35083Dfcf565df3d6b5059,2.50
0xc98DeB47FD457857327F2E3308b8853599A4Bc5D,2.50
0xC99Bd88526A29f574D297A931F8232b53B5670dD,2.50
0xcA3598A35996521eD401241520364417dAFd4AEf,2.50
0xCA55E77Ec514B5BD05B3b2B56f106Ba2Fe593A9f,2.50
0xca8d84565A4E5D721CE0BB50f3374E2aFc8bbA49,2.50
0xcaA505E63d8CdEF8e34ab585AB49e929Dfc766B5,2.50
0xCAFA92cF95c281f8906987D293eff535600fE73c,2.50
0xcb630c28658d8B4f0509D628D8d947e6F95eA20A,2.50
0xCBAbD857726a37C8bD0e05Ef0F954C45A9Faa022,2.50
0xcbCc36Af59675e7B291DcBCf7c5Adc7B9894969d,2.50
0xCBd2b6FF7D38C16115fee3f2d00E822Ea30b307B,2.50
0xcbFFa910Ee7546AF659B82E4E7ed54cF8524Aab6,2.50
0xcc159aCc619239b5115F5F7B8510a9fDC8113563,2.50
0xCC449df434D886576202eeF7C9eF2aa0948C310B,2.50
0xcc460C28003eE24a390dA017244F4023363d45b3,2.50
0xCCb1D4Aa00a43c4124F98b26F4eF88dbe740F4E2,2.50
0xCCba651Bb74faE7843c4D981805cd006a5BDcbfD,2.50
0xcCe9AbDC5F689aEd4c2BBae5Bc66578FaE1B8BB1,2.50
0xcCf80581674b5b2990F9EE70cc008C03E6c80dC7,2.50
0xcD951473e99228b4Ca596399D39CBed27b8E01D0,2.50
0xCdd5De580D6BB26A9f97D161243066E913cE3d5B,2.50
0xCe462C13F461DEEB3Ec2dAaDd5e7d5F90Bb8F0b2,2.50
0xce7298E5ef1aE8AF0573eDC2eBd03aB0F837E214,2.50
0xcEb6Ce9D25A14c5de0282cd6929A7953852cF332,2.50
0xcEd09CCFc82b091195bdE04E6Cd65374518E7b95,2.50
0xCEd5417a9C9d3E1878B8db73F871b5BE522CDC05,2.50
0xCED608Aa29bB92185D9b6340Adcbfa263DAe075b,2.50
0xCf2b7c6Bc98bfE0D6138A25a3b6162B51F75e05d,2.50
0xcf79C7EaEC5BDC1A9e32D099C5D6BdF67E4cF6e8,2.50
0xcF86FF52328eF3589915F2401E214284c49993Ce,2.50
0xcf8FFC395904258dD86E4B78F3d2055119d9D091,2.50
0xCFB430b30747aae231655052d2c79eA76204291B,2.50
0xcfBf34d385EA2d5Eb947063b67eA226dcDA3DC38,2.50
0xD06BaCa90D5ac4e9009C2916841fDEcDa1c98823,2.50
0xD0d01572c631Bf5d5c924B7e0455B31e0999Cc2c,2.50
0xD111346Dd4D30B385e59586AB0615f792bAe7b6F,2.50
0xD1344833F3cCB6359583657BE3D8959a18AB83b2,2.50
0xD14E7eBFAFd8d33C9f92AB621fCc38fF4FE9fe1F,2.50
0xd1595177D8CC61A6879A4593022A956e016588b4,2.50
0xd1740F7f71061598e62bCF587068C516a5385c49,2.50
0xD1BC2dbb8EbC0707Ed89499116040a3Efc3f97f2,2.50
0xd1d38DCD6635cCC291783379435cC2a5Fc49cDd9,2.50
0xd1D8e452A864388280B714537cBEAD6Ff9E28530,2.50
0xd1f8D3d5CEA2EF38167c75c2F040e5770D8fE8D8,2.50
0xD2035514E8d8389E2d8Ac80113467a3FF1E01D08,2.50
0xd26A2bd8A59eA00bD836142cc6BE9717361a3b51,2.50
0xd26a3F686D43f2A62BA9eaE2ff77e9f516d945B9,2.50
0xd26b76e50f6510cdD4bf45d59279705f36946d23,2.50
0xD27CD9b687cD898eeB2aF557Bfdf75017ca7E50d,2.50
0xD298EB462B39c34AAb8De3b21038f6d36C4E9890,2.50
0xd2BE1DE77389d1650C9dFaFbe1Fad50bf396752C,2.50
0xD2eCE15856813709Dd181A55c9fC82059Fdb2E2c,2.50
0xD3122b4302B7BD2554774C71B6BE1553b3A51239,2.50
0xD328cEC955e19d21a3528407427F8433a9988A65,2.50
0xd33f6E443D5277E7A0040672885358E22E1E7356,2.50
0xd37D17A6FD45ff4BBE6eA6FcA519dB0Dd8296b2E,2.50
0xd3898129d4acb0F8039b1B9D6367B236F1E6100f,2.50
0xd4374B5E114318095B9eA8edc68BCF411E32a11b,2.50
0xD44c223306ED3824a432bcD53bCf16b2F1575319,2.50
0xd47De757F65d08B00E99831bD94252dDDEa1aF6F,2.50
0xd4919fF6577f38a75A28d1848A37eBC3f04EdaA5,2.50
0xd4af90D7E71fBEaD07A9C5c47B1cBFb72F914060,2.50
0xd4f334b921760F00D395f6a78f6878d14e7465D3,2.50
0xd507D4Af71088BAfbf2eA0CdB6962694F850DE01,2.50
0xD5629b8bF9D81720b9A87E01BFbB5D3fc507fe4F,2.50
0xD58f19eA827A38a3c7c63b304C5407F0bF01B79f,2.50
0xD5928708424e2879444c9D1dFFAB5935f87591B7,2.50
0xD5A48e1FB49f5b476CcB2B2bB84298817D4bDB0b,2.50
0xd5a59971B56E3e35B302A6a608C2d1db271682Da,2.50
0xD604e82ac2DE51E97E8E8771440Abbe3f71A1df5,2.50
0xd64110f209E3f77580B72a96BA9BE29517e41221,2.50
0xd65C87cAAbF7F7b1d6223845B7ddB43023D34ce6,2.50
0xD65c95fABE3286e416580a826213688a2620390b,2.50
0xd662fA474C0A1346a26374bb4581D1F6D3Fb2d94,2.50
0xd69dA5731536Ac37C50616e3324211C85f8a063F,2.50
0xD6c23E2c0E19DFdF8638b076F1d076f7B29b74e1,2.50
0xd72CdcD9Bde77dAE4e72c5Bb67e95B75dFfC5eda,2.50
0xD7a3FA6310343865536b4201872F3e4cACDbe47E,2.50
0xD83B78e78973071D9836C3B2140860Ab94Fbf655,2.50
0xd85c5377aE75553D1fB84c5ECC48cD10ae7603Af,2.50
0xd8dA6BF26964aF9D7eEd9e03E53415D37aA96045,2.50
0xD942010f8808996A682502Df5D5b2Af7FCBc7318,2.50
0xDa05e32BD732488A48e108a53cb71AaFE176143f,2.50
0xDA96a9BF1c5f570d867C0745bcbA938476082183,2.50
0xda99c15BfdCb19f1a80Ba399F6A0eB2e77050690,2.50
0xdA9A8dFc92D776b099c3b16834528C5CB73d8B4a,2.50
0xdaA5EBe0d75cD16558baE6145644EDdFcbA1e868,2.50
0xDacf1065b12849298dc5B47EcE9553094000074F,2.50
0xDaDeF4B1f0f542193eDD7345a762BaD5c12A7375,2.50
0xDb0B17C19c4393264fcA2C11503641Cb675dCB61,2.50
0xDbB19AFB017171302e0E8F7eDdc681958ca44D74,2.50
0xDc15b35A93013fBc788586CC72676B7CBe4b017A,2.50
0xdC41EF1A9472aFa2DbDc181de54Ff7379BCEfB31,2.50
0xdc56EAbDB4213c8ce1c86a4806e94D286D2cA4e6,2.50
0xDC9BacE414375946a20e9AC498C166AAc989dB32,2.50
0xdcA90115a7E634D7C52B6D3F3F0F3dD23a9dBc27,2.50
0xDD5103F05E3b23608295CE4ffE36C77B16594BE0,2.50
0xdd975B3A9b1a874414269B0ebdd71ad5617b4524,2.50
0xDDaDa3b94A29AFBBf94604d3C25f37870c45da2A,2.50
0xdDC78a3F6a609283e9fD74EEcEFB2cBFB0064548,2.50
0xde4cdEF683d19b117df94EcAEC76CAEb13cfC144,2.50
0xdF1bb27D8F912676F18BA0D6F20Cd3Ad77Ff5905,2.50
0xDF290293C4A4d6eBe38Fd7085d7721041f927E0a,2.50
0xdf2cdaf893d04b6032e941669f77086e9CAf5d86,2.50
0xDf3aBc1B81Bd1F97B556fa15bA3945F9D2dcD5d1,2.50
0xdf686892cC435001b4Df5b22ebbaE89852C5bC16,2.50
0xdf6BD61f7CDF30117899504855Da11614cceb535,2.50
0xdfa7D985aA3c73e6cD87cC088943627427C56C9E,2.50
0xE029Ef62e47E394BC852EFf633eB5aa4A223ECa6,2.50
0xE07dF7410d39c6d68A4BfF2a2EE113FE93E96b7f,2.50
0xe07E7ADb5e1760600Ba7ad9ef8aF8Dd7D035e5Fa,2.50
0xe0B3901A8d89134E272C9A4fE43E7dA709A69881,2.50
0xe0C695803a7cAEaF66d71cb76EA40f815AE465f2,2.50
0xE0f312243b5DbB5a6C990AC9088fdBF19d925dA9,2.50
0xe114B9cb3B14Ff006F74b3C655F547E2079503bf,2.50
0xe11Eb5da2348E69CAb8d8ce589B107F10F31A3DA,2.50
0xe12c95Faf4656bb4482A9a840901d688F90bfe72,2.50
0xE13a56F021D865C6f51e27E06A2793c1626ff747,2.50
0xE15C04C4379953Cb70FFA504EA7574E27b89Dd72,2.50
0xe1DEE1Ce90Ab7e5Ba7f25d3e1377c2c14c9f4833,2.50
0xe2102e17fEeDac024d5E9185Ffd891C67036ac3b,2.50
0xe216bB9303C0257ef4334E878844fd6f752cA14D,2.50
0xE260937e8437c2A2DE871A69445Aba2171F72742,2.50
0xe28111528D5B6273e7FA92CD7C3fC0dC883f5c6C,2.50
0xE299e0F47d3Ebc01fD66c1A8883270279382bad2,2.50
0xE2D6AFF297b41881c1aEA9599F68AEDFAB38C651,2.50
0xE2dfB0e89d65cf28FAA04D7D40871a330Fcdc4E2,2.50
0xe2Eb4E5418e8d1f90B474318B83034a15FAE409f,2.50
0xe32bAC6E393199bb3881187F4feb52e28e973870,2.50
0xe3518001EEa560594091ff38303a61b6954FF8d0,2.50
0xE3af5e379dE1eDC7Bbdd46E607Cf1A010cD2CcD0,2.50
0xE407D650Db255A3F1509e6ABb2a254F28993526c,2.50
0xe41ccd8cc584aCEb5D8b64567d5375020849843A,2.50
0xe43c5133f66f58FE5Ac8f9000AAE020Fbb9B0f85,2.50
0xE46c73fBB1BcbeBa0AbBe32c8119F6BE50a2F1ff,2.50
0xE4C107c27AE5869E323289c04aE55827a4EaA7d3,2.50
0xE5034ecDe97eA43921D4f89e75cF5328dE55a5f6,2.50
0xe560CE95e32d80b9D94776578a2d5757e3421bA8,2.50
0xe599D77118De3072dEC75E0f01b026faBf1dA917,2.50
0xE5b3bEee9B72AEf37f49DceB86B36eD2fdCE8b55,2.50
0xE65773F2b7F535c820A02702552BD12c4FD5F236,2.50
0xe66C4446092517178e4e7d8C64458F26C636A48F,2.50
0xe67C56C3D836c29cc7820ff52f28904503F7AE54,2.50
0xE6dBdFbe4Bb97C2f019738b9BA44e79cd87000e2,2.50
0xE6e7A811aC96c93cd6b555C2aD4430121321f41B,2.50
0xe70EB4B69DD109b849c25dDFfbceA5AC2649aE04,2.50
0xE72C6b6C3eE9bb90942d3b15476CAD846837870E,2.50
0xE767CBB6a71602117a104f60937fCBA4ab0A23E8,2.50
0xe76D4165967fB1ed8D5a56d5DEa87e3bc8ECd3AC,2.50
0xe77ac608CE5C4D5B32A24C039b1b985455A7F088,2.50
0xE7b30A037F5598E4e73702ca66A59Af5CC650Dcd,2.50
0xe807E7362cadc640e1F7ca21B9C99B8f7775FB2c,2.50
0xe80d20816e5e3b16bce8c9555DD8Fb9AD8BF7DBe,2.50
0xe82A49De33d5f4f7F39Fdf84A8891ab6618e8027,2.50
0xe84e7f02876245C131003cef4a66e22494817352,2.50
0xe853903059daDb6a6f3205dCe4576aaD74534f56,2.50
0xE85c3aBB198960Ce6949297Ff8af2293e0621a29,2.50
0xE886Af0aA18aF85ce6D56beCF16B790142C8A24D,2.50
0xe892089198409Fe72DAB959Abe75Fa68292Efd2B,2.50
0xe8a19B1c12eBCaaeC174AfeC3975e46CAFC41075,2.50
0xe8Afb6b6810c88f23EBa904A99406a8FFC813a46,2.50
0xE8AFd7050765c3C91E55C8317De9B4302Faed932,2.50
0xe8b44C250dFb0E0545332662365F26B82AC96396,2.50
0xE8c77e0eAbD6d8b2F54343152a8b213d3a42E54E,2.50
0xE8D196908c1A05f17381F340752Ca7a6a3eE06A5,2.50
0xe8dB51eeFd0D9ad2c4f23BD063043cEfCa3cCe77,2.50
0xE8eEf01F7ac236FCeFb3260f445a006F5658054C,2.50
0xe922a1B9676095F9F1a0454Fc25E730A120c35F1,2.50
0xe96056A9936C58e89D1703cF6bD97F134341EE44,2.50
0xE978E707da7EcC7993DBeCA5b2d90eFD81Cd3D68,2.50
0xe9ed9fED3a1182d74B65dd481b966992BC8B441C,2.50
0xEA2cE1956B73591091Ae64163865b96829e1a097,2.50
0xEA6071dABd43B4EB49052a19478085769B0476c5,2.50
0xEA95cfB5Dd624F43775b372db0ED2D8d0073E91C,2.50
0xEaEB3b59D2A3a76A71f5935e1c1E2a945C8b0300,2.50
0xeB0c36406AdF9081103987b1eAaBD569C8898c01,2.50
0xeB343331acB71181e35F5c7616F085B94a2fb81F,2.50
0xeb4Cf58904C14072735a6AE188Bb9ABA547eD66b,2.50
0xEb718d1457cb94E71097C0AAcE5a708907710D4a,2.50
0xeB85F308aD30dcD3Ce91096CBB5EE1af09e902Da,2.50
0xEBc0A6BE0f6Ea7d95A090E71433c2b91068faE4A,2.50
0xEbF58b560bd9DD41A9EB558d0BD08c23889c5042,2.50
0xEc34E9d4d6441aA7906e45c2eBBd95c22903F5ea,2.50
0xeC38AED9505965D73B7D09e4a0535659b0Ba29e0,2.50
0xeC3de6e05F3c5A0b8304488Be1f114ED0104e10D,2.50
0xeC57157adeb11F9822039A48a97B365bc22cbc49,2.50
0xeDf2FaF139BdA0b5e7DE6C3E586fdC752a4e3102,2.50
0xEe0b53ac9578cBc6E0CEE0Ac6E18cfb7118b5cb3,2.50
0xeeA6802B419aA625C513A74296C9417d43734fD6,2.50
0xEeF50E78f87DABAA32c57654107B2C59734b39E0,2.50
0xef628C724AD2843d12E060f0A5Da00403e77Ed6D,2.50
0xeFc95B988B3963B23c03F428b6396EBc55f93dC4,2.50
0xeFFB282259291e05060927ec1205E49751a5a97A,2.50
0xF01603E1ce9916Ba7446b57b8fA975aE9f1C1143,2.50
0xf0787ed10975FA3815B4372A452feb279244878c,2.50
0xf07dEeb70080458e580bE9a3678752E614f82406,2.50
0xf0a345115815bc2C87B0EBE49DF8773a71A49063,2.50
0xf0c18acF5c7c25Eb24325F4f96d10Fe2C2236A5a,2.50
0xf0D9DaDc35476106F4D74Bf67cb0308aD0010763,2.50
0xF0f449f4E8D94D0e64de385D7c32a1F61B749DD3,2.50
0xf1746f24B6302CAbE6ed80A3A3BA55ba79cA0bB6,2.50
0xf1F04245Aaa41dc49a80744d1c02AaEbC32f20B0,2.50
0xf1faECa73C28bd888BdA15D32181C6421D75B986,2.50
0xF201B83ab58B2e72cDcf8ffFfd05fDC43032ABEe,2.50
0xf203D6C796B99d0F2f861d1B838074822dd64D7c,2.50
0xF20735fD215c2d5d68eBd0D6d0415a08fc3303ea,2.50
0xf208034ea8566224F8B1D161451d05348E0A53C2,2.50
0xf20D7047CdC79e569F3123Cf7c457D2a85c534D8,2.50
0xF2357dc84414e2CE43C674DF52C3b8AEf2822756,2.50
0xF28b06D1FcD6B06E493FC8dEDAC3f780652C7bbE,2.50
0xf2b22E4cfA1f9d20D6FeC2e7225E14e72dE5cA59,2.50
0xF311fAC0d85CdcE626c6fa16BBD13ec1Fdf354A1,2.50
0xf3236c9d0b623cc261009484dB5cfED2079a007f,2.50
0xf39Fd6e51aad88F6F4ce6aB8827279cffFb92266,2.50
0xF3A66cb806d91a648204ED2a9293Ff38c75C1339,2.50
0xF3c4Eee95E9f948361282aAE97DBcDb94eE2c1A6,2.50
0xF3d4eF9c67bbdb40e7a16975a8a8A4D8e41Df8D9,2.50
0xf44c81057111841051F362346B44a346d8E86C8e,2.50
0xF46ffB856c9A0F12F3Bab2939bB2c61fdf33AfD3,2.50
0xf4717e9296323dBc5086099f476F8ba239D2d5AA,2.50
0xf47f02B72fA2bF195e519c83DDfD2c2bE69e859A,2.50
0xF48ac3eA08aacda76De0F5b25F4B1203563733c8,2.50
0xf4bb53eFcFd49Fe036FdCc8F46D981203ae3BAB8,2.50
0xF4FacFf8EDDaAa70dDB2D6cF044cd278eE962a59,2.50
0xf526607C6a2573302f7122282C555A414Df1BF90,2.50
0xF5Ae101251a564C6259D2188fD4Bced9897Ee157,2.50
0xF5df35009EE3Def233936bc9C103F83CbeE1Eee7,2.50
0xF5E58987BDAE6B8f67419f28cE065a7B28DA8D81,2.50
0xF607086267AF70F88c8ad2a5a6De2261D0aeD1CC,2.50
0xf607Efb16407D793AC5152a4f21db8B077652659,2.50
0xF60fB76e6AD89364Af3ffE72C447882bFe390331,2.50
0xf635d8f535fFd55B22290348EeB1D3432F4582F1,2.50
0xF638Bf55B9B7B30A7f3286245E13f6198FCc9879,2.50
0xf64a93f095Ef9691A5bEEF181eb1dbf9DE2E01ab,2.50
0xf6910D47FbB1F5518d60C721D4189936eCd5a1b6,2.50
0xf698e7cEb84D072eBc02B355A393a67516003CEa,2.50
0xF6F705007f95194575B3A13F16687823b8a095cf,2.50
0xf7253A0E87E39d2cD6365919D4a3D56D431D0041,2.50
0xF76aAa0449734942d0d4F82eA08D218b9beA9163,2.50
0xF7765B617FFc35310b3B7Ff715D60603fbe0D6Cc,2.50
0xF7C012789aac54B5E33EA5b88064ca1F1172De05,2.50
0xF7E51D0E55B6793fc2865C2a7E8318ABa864e454,2.50
0xf8958eACE252d126f4307A5e3feC3E826EC20FD7,2.50
0xF89Fc7C27F885185AFA09A38B29DAa1BdAF32d4A,2.50
0xF8D1d34956cEa24718cf8687588D6FeDbc6d9AA6,2.50
0xf925fDAEA552d36a5291335941Ab7A046F960a80,2.50
0xF936E8A6f4c35419c89631548579259ec074Bc05,2.50
0xF93cDC82968Daf2D65be89603BC6E0940C8611F8,2.50
0xF9aE2c5EB0B7c032D18a307c4891c00ad3D17558,2.50
0xf9aE3840b307B6bF44CAa99980D0cAb845c54a81,2.50
0xFa3217A796438168a3918E665a04B4c89005ad67,2.50
0xfA62B9143f6B0d7E125f4E721A613A7313948c75,2.50
0xFaDDb5628A2A9B9d897CD5C029B2e60A187557A8,2.50
0xfaF9A667a8aa11Ed11B3983D4bA0B6E77dC01F7B,2.50
0xfb5cAAe76af8D3CE730f3D62c6442744853d43Ef,2.50
0xfB9dA2A1da334cFA85385A415e0668d0A4F1CFCC,2.50
0xfbC9F6BdAA87bC7B7587841875136eB85a2c2Ab3,2.50
0xFcb70a6CE8452447c0E3c47eFabcfD8395A89486,2.50
0xFd00Af75A1403576485ff64fD5D50715F2377568,2.50
0xfD2edf4BeD195070a6AF7F60662ec2eACF7391B6,2.50
0xFd37f4625CA5816157D55a5b3F7Dd8DD5F8a0C2F,2.50
0xfd7bfa756D93DC8DAC38c9ECB2CCf5AB599E6899,2.50
0xfDa0e19fEfFD3886d241784182dc65245162F009,2.50
0xFdCfa08824C15D95140f7C13Ae73c743f4A3240c,2.50
0xFE35e15bE885750D9b2363cbB6aBDd57AC9C4c40,2.50
0xFe4b28999C74BC5617F43cedd7c0134D1Cc49960,2.50
0xfE51F446829d1d72B7FbA6addbf7C40E1dc50f79,2.50
0xfe5E90ba7cDAaDba443C0C27010eB1D51327EaFb,2.50
0xfECAd7e9bdc47884643bc206385EeF7dd51555f3,2.50
0xFEdE2257Dc043f53a24Ac7947218BACfB0013B09,2.50
0xFF07d48929F1C7f1fb9bf939aE25c396ca9F9C39,2.50
0xfF15883A2eEEc9C3b74238230C9F898c4d79BA47,2.50
0xFF787fF914BbBbFd9B2E0eA8c7f2F44397Af12bC,2.50
0xfF794FF176ddE7640064983d8F2B942B12a4AB7d,2.50
0xFf967D241D7d35d31179eA0c371B04E3E1d40839,2.50
0xFf9A5733857F5537f1f84Fb074DEE222f6dF13F2,2.50
0xFfAE9565A09F1910e10a929B6dF2e7C3e438742a,2.50
0xFfB248fCA931E084726066C79aE6b3Bf5142ad95,2.50
0x0040FbCE5A832Ef2E56A0dD87cFCBFbd4385e546,2.50
0xFFF1424a48a5893Be9dBf3f7B2D67e51d36aC9c5,2.50
0x00523fe9D52104645058CA0b7741b5Fd44931706,2.50
0x007c35629e90AD502F7a2C6782b3556D9bbc136D,2.50
0x00BCFc8F7471b2E4D21aF417dea393c1578C67c1,2.50
0x00C5d1690ce7eAcAF4912213db6e07b30cE1826e,2.50
0x00e7332F9Cd4C05a0645AC959Fb1Be60ec24F94f,2.50
0x00f4608B04A8Fb167Dd11896Ec9712F40acB0D95,2.50
0x014607F2d6477bADD9d74bF2c5D6356e29a9b957,2.50
0x01583D152E3225519D211B1F576d959F70ef9630,2.50
0x016562aA41A8697720ce0943F003141f5dEAe006,2.50
0x01a719a37c75F63968C0E597318914Fb3210608f,2.50
0x01bDd23448f53594bcb8163055155194177c0fE2,2.50
0x02087C01cceF6a6EeCbf6c6918302d3290A021eD,2.50
0x027395CabDC7bc3EE2265A313Cd996a58854F029,2.50
0x0279e4db6596933AaB0D7D3A11C74b01Fd44E344,2.50
0x027f286fe5217c468c55436C52aD9775C8Cfec29,2.50
0x02BA313c71A24414EB3963Fdcf562346952588b8,2.50
0x02cBb91cbE3195c69d064cD5De086B2f7bd216fc,2.50
0x02d64289BBE12d96E53957fE33A9b1373Aa0dA40,2.50
0x0324d051C74eA5397270779Ed9a19fB95a438B45,2.50
0x035d1c26Bca5CB609eC06d9958266c95641FCf6e,2.50
0x035eBd096AFa6b98372494C7f08f3402324117D3,2.50
0x038e0D9dFd47bc11368c8FD3A24ff12A36Df19a1,2.50
0x047cf230851b41CA97F6a7a5C29CE8c27Ccc0a6A,2.50
0x0483800e97Dc0a2cf5098eb99D5e87b5499E4E1e,2.50
0x04A3aA71356c8FE88446505EaaB5568c1DD41a61,2.50
0x04f2b5821Fcfff0c31AaA119D472B952Ed167f29,2.50
0x05A1ff0a32bc24265BCB39499d0c5D9A6cb2011c,2.50
0x05Ab4c6AB83658e88ff785Ca1E78d1519762BaDb,2.50
0x05D01148F8B60e4e0bb7dC9A7c29eab046E2F9d9,2.50
0x05eBf7B089a859af295B4F4D96673eDcB5ef6621,2.50
0x061294782b7C73a675cF54124853c8133e3463FC,2.50
0x06175bB4c2F213FF8B1e123e5f77312a47aE3364,2.50
0x062Bba1788ef29c524AD1D5F6e4E2934D251555F,2.50
0x06b6A58966386CB9E6DEc35B1f14e5e3512779be,2.50
0x06c4865ab16c9C760622f19a313a2E637E2e66a2,2.50
0x06e52dA86A6bab51638744279bF0E16AAf1a707B,2.50
0x07118aB669Dd1BFB9909FC04422D0e4232a3483e,2.50
0x07906a49887127b7e820A354655E9ee8F26d45A2,2.50
0x07cef3D583f7FD75cf146C6CfE228aE2a9bE57bF,2.50
0x07eF96eF838CB347EC94f5c1Af23b3Be7F44e925,2.50
0x07Fda67513EC0897866098a11dC3858089D4A505,2.50
0x080c9B708588c103034F22898212164f45eEC1a8,2.50
0x081b998462e293e0b0DD64202448f948f537aC1e,2.50
0x0829a4122E5b0f8a5a74CF7a75A82B30e513bFC3,2.50
0x082Ff5495C9deB260134Ef2351540DE807A01585,2.50
0x08548Dc32FCf653EF2adb3914Cde8ba60391DA2f,2.50
0x089C5d0471d7646e937B614468AD0C1465ecEC7F,2.50
0x089ffDDe1F37B0f377B29Be06F4dc9f8C75D75d6,2.50
0x08a4AB1233Ca4214176Fc09e1dc7b4614013dbfd,2.50
0x08B3effe36E957bD50d82b8Deb2328D5E78B6b4C,2.50
0x08C1AD071d03b3420E6458ad6DbD1F0e75f3a305,2.50
0x08EB56AC6f35236B018D0BbD2c38dD0f55C37810,2.50
0x09dD35BbF83e64E90F998e54C9D0ecB9B0E614B5,2.50
0x0A23aaa56d700701B69580f574D35850A4127bd9,2.50
0x0A251dF99A88A20a93876205Fb7f5Faf2E85A481,2.50
0x0a448773a22FcF14d2c1AE8351b244c4b2f1cff5,2.50
0x0ae459731C3818C095Eb87376DAd80C547e00eA5,2.50
0x0AE5421b1ba335bBD1ff2E3F61AD55dFd37d43Ea,2.50
0x0af2E76FF3E9a536C876bE3FA597Ee252A46e306,2.50
0x0b04F285B418AC07F12B7F60064D91d88F52C681,2.50
0x0B1660d48b2369a884F553f44CE6f585eC0d83f5,2.50
0x0B1f9e300e6E4B4C25cC73C53C8AA700e552f99F,2.50
0x0B288181E0315D1888aB5a324a1496D3B5419beb,2.50
0x0B8c527b763d6b14E20c4aC4Acaec957273739D7,2.50
0x0bd26AA1c4C2063d50859A466D714B89d5590F26,2.50
0x0bd2EC9eBA8de1AE2757f73009dE1c784338D299,2.50
0x0Be34a49bFc386d5B11D76bb250A7279d0Aa0fB9,2.50
0x0c35b14e77E14ad6DB17ddAD81c1b9C70a281B7e,2.50
0x0C9111be827A69Ce763DfdE26B8ccb456676ac10,2.50
0x0cD131d695c0DD47648E70EdE3Bb13BcaDeA6F40,2.50
0x0CF661907E76C4921f7dF302092697799dc63B24,2.50
0x0cfe5a116f8a7ca7eE9D6319FCF708cc2A3e5578,2.50
0x0e467c9fdA7ccaB60E8c0A99F0d14CC67E0020E4,2.50
0x0E80A01f8E69D535975Fa34e64498651BC74247f,2.50
0x0e84109E0127d38ADF8e0cF64596C39604C6F714,2.50
0x0F25809d8E83AbC5Ff0f4Ceb8A8C39c79746d0B6,2.50
0x0F641723997145715d23c0129b96041011d26666,2.50
0x0feF92A34ecF1F742B01c9e3cB2732A83C6067b6,2.50
0x10125A128bdE30d5f208d05fe2B88Ad25eBb7e6a,2.50
0x1014CBFb67019a31e5287F52d1a5e2559CF4864F,2.50
0x104E0755aD33b2ec758642b0Fa9DA6B16192B0b0,2.50
0x104EDD9708fFeeCd0b6bAaA37387E155Bce7d060,2.50
0x10546B8246EE5a4c292Eaf3e4A218Cc87c5af431,2.50
0x1058559f1c73c80337fe8A5776b43d777d2a3Fd7,2.50
0x1079Ec1de765180513B3A3743E51fb29B806d0d0,2.50
0x10Adb5C85A43C5a1FD2dd0c853A849c926142c60,2.50
0x10D6d2e343281D388291A3e02f3293AaEdA67178,2.50
0x10f4b3dCdd89f00acdE8db353Ed5C7cAB68BB69C,2.50
0x111423FA917A010A4f62c9B2742708744B4CbFc4,2.50
0x111B500C338eeff5ED3C2145a7069d8923396c1D,2.50
0x114cAeAf94B2D74F44D1bB7f7d10D449b5a38850,2.50
0x115fF71B91D2679CcEA6aA55ac8E6721E4417d35,2.50
0x116269518b23E59348d0b1A1AFDFc33ebf0b4568,2.50
0x11639f27c3C3e46A8d23E5Ee570616e14C960B7d,2.50
0x11B0835eEEB5Dd413ECC66fDaa6D9E3D386F3fe5,2.50
0x1218a4580F567843B5f018eb80134bEaf58a9D09,2.50
0x12A3cf2eDFeda1d6fBcf8ec653E1A0f2bAD65F57,2.50
0x12Ac5197Bc6a7034e425b7696557b4c313Ce5612,2.50
0x12c8442d9c390a0ACB8438d2d346F26F4D9695f0,2.50
0x12De92544Fd5e19bcce0e390bA04860e1148af93,2.50
0x13111197dc3772D6153E1CFB6166C55Ef49d4d28,2.50
0x132c8BF76cc03Cd01db4c2F2cD962B789548bE1c,2.50
0x1344d2658257468d08fff38Cd76a809458d3D993,2.50
0x135d2Bb342C9ee472885AF9b88cf75B2430D15E5,2.50
0x135F7b079aB30F8Ca5EbF34bd1c5795a72205668,2.50
0x136056db90A323128A961b45A4B14F285dBf4dC5,2.50
0x137eFfbB0b405CD6A3C549E53dd6244a439c514d,2.50
0x13A4575A8E33ab7B1956C48c1B03D048214CA310,2.50
0x13B053f017B6C68e089267Ffc3f10EE92ED95a79,2.50
0x13b8fE31aa0bA866fAd71298E39BCdE58394Ae5e,2.50
0x13f7B3c65392e231197315bAcd66807Fd348C8a9,2.50
0x140a5b51D5f25A19ca2259D32e121F56eaBa5A3a,2.50
0x142c488B712c5ec5D8d833a3b83B15D4C58dD4DB,2.50
0x14525aC7CCb7750563A47E570aB4c66E24d59373,2.50
0x146cfED833cC926B16B0dA9257E8A281c2add9F3,2.50
0x14B8Cb752476af917ae831973318Ad1814b622e0,2.50
0x151cB406371aB758594da2e619Ae305Ba247C7a7,2.50
0x159Ee5a21728e5c54159841b4f175F9FE077a70f,2.50
0x15a3d0fb90Bb6358F165B2915273A086453Bfa77,2.50
0x15cdCBB08cd5b2543A8E009Dbf5a6C6d7D2aB53d,2.50
0x15FB0Fea4F0ec2111C5F815a295fB569729Ee15b,2.50
0x161079e42cfbcde6ada25428398234E3027D82c9,2.50
0x163a11861351808d16Ec5661249c541374EC8C20,2.50
0x1644F51c61bcBF511FfF1fE7678DF6F445F19ccA,2.50
0x165A538dA56dd70dC19a1b5d5b1AE837fac73949,2.50
0x1673169Fe4E06c72f85F1fC88fCdCB34e2aD2Aed,2.50
0x16B45ae4398F60D38F7463e100b96A5D68165D76,2.50
0x16d0259e9E1064366066cCAAa3D254fd76efdd28,2.50
0x16D47b5D3Eb6f0dccF067aAC3Bba8129fA0Bc147,2.50
0x16D596D7F945b9b1804BEf71616E8AaCaA9C251b,2.50
0x16D861ADf6C44A2d67895422A5DF5686fbBD43b1,2.50
0x171b3F8a698f36603e459d19F9A00451dC67cB71,2.50
0x173a55e664c25986F7a2495998751A255793D1AB,2.50
0x177047bf6BcE8c9Dc16e4E3D6084c72D0421d3D6,2.50
0x17A059B6B0C8af433032d554B0392995155452E6,2.50
0x17d4e25D083BCC954a4D1690902caF24D93E83F0,2.50
0x17Da42D4B6a875bff44D5C89E13e08c38e7AC36d,2.50
0x17fd68F4F3035A1b51E6e662238784001f76A8F9,2.50
0x187089B33E5812310Ed32A57F53B3fAD0383a19D,2.50
0x1954acbD22CeFEa6b1B30AE59924630958aF8d03,2.50
0x199c619177005091B8A5E4C3e96ea692DfAe4FA8,2.50
0x1A0bDf069508753b186B0b7D21c62208aeaCE6b8,2.50
0x1A4Ac2030056fFff935A9E22327C10DD4728756A,2.50
0x1AF56e6CE4f72765905586FA567B09CA4813C28d,2.50
0x1B1f0E7D59e14e485878e9B96fC71BF8a7DC9fBa,2.50
0x1b4a302D15412655877d86ae82823D8F6d085ddD,2.50
0x1b784725944eE55eb74f41E29D1262a0dD4D9135,2.50
0x1b82602271dF9e355edc5d54476A18b3B1A544fb,2.50
0x1bd9eA1aE81cd614304830ac7F905d174FDC0CaD,2.50
0x1C2E58D84AA7cB75FB400956D9703F1f9E5424Be,2.50
0x1C45C3Ee3Cfca83CF662F68e0760AFEcC1952164,2.50
0x1c4fB2BF4967A9AEe0081E174a7D38b356029a84,2.50
0x1Cec1B8E556D019a5DbbD99F165a52CE5a4A95C2,2.50
0x1d16F4dE6e3d0700ee9820772C0653C0F0A45ca2,2.50
0x1D1874F9Bcea4400A6A3Ed85353BF19A764534E5,2.50
0x1d3bf13f8f7A83390d03Db5E23A950778e1d1309,2.50
0x1D3d297B604A3b074731eD5BB41A0cf15A895952,2.50
0x1d6dBC9Ab48b6C6d743d176Be7dDaf0e3589Ed46,2.50
0x1d921dff757610FbDB0073479e12c0a07d382677,2.50
0x1dC251AD1E54Af438550aF5192218209767F8322,2.50
0x1DCd83C8Bb20Df1BA876Fbe16FA4D785C13Eb74b,2.50
0x1DfdB46EF218F919aA3970B422D2D39f7B166BB5,2.50
0x1e0C49dDd7FC40944d1E9D84717237E2baAEa4C4,2.50
0x1E8E9A83ABA75ca366300bDA64E2A28Daa1528cE,2.50
0x1ECfB7F41e2Ce4E7e17BB0A29CBe9Cdaa2876e27,2.50
0x1f13488709a82D0bF96E9de00C1765af595E285d,2.50
0x1f1E162d0d3a0A9f7a62F589aa0bD9BcFE3F9E5d,2.50
0x1f6285978f2F5ACfa7bFa7A4E81DFDb82c253315,2.50
0x1f7972A40f8129A311e6C6a089f87347adc0e244,2.50
0x1F80593194F5E71087cAfF5309e85Fe68292CB63,2.50
0x1F9aA6b67809C2fFDDD14e89F15adC5496782486,2.50
0x1fE3a1C652B7F08abb6370e7b19D6DCa1081D7c5,2.50
0x1fecc6D7Dbf785D970b56fe2C6D0A91b25A5552D,2.50
0x2021d157d58AD60Fb4fF3bA8bD42a447dBF0eCEE,2.50
0x203472dc08dF8B1CfF711c7C57d0E597CB85f59F,2.50
0x20749bE72b71e72E8CaA16Ac65441179008C0247,2.50
0x20817D5e3Ce7440b4628EBD360CFCCb59920D944,2.50
0x20b7B9d9aF2f5B9D1a79293a4864C1b9e389b262,2.50
0x20b9973103b65D4EA8D0591634e5e757AaCD3030,2.50
0x20D7EcA27E68a5ea8F1E07F2202A11760Cd88E62,2.50
0x210b184E230927b996D04Ce6B2179C67Bf7E8Cb3,2.50
0x21768D382f07915E1f8a28C994EF1AE378102C82,2.50
0x21769dEdBAb3954a8a3d1Fb29336B0b96F423b9C,2.50
0x21799f09A5A73DD7364930cD5D726b8A87093f8c,2.50
0x218abF21f85741E2Cc42b2DCF4F342D59E9Ae02d,2.50
0x224AE706833Caa3260C4B89c716Adae08e4752ED,2.50
0x22996B929510142C95FcDA8aa59ef2a257057D47,2.50
0x22F06283426f6B5eDE8627310968829840d00b8b,2.50
0x23254D2e6234A96c04ba557A75c06A7A91a9B475,2.50
0x2326085E6753be00097d0c2679229441dfbe9635,2.50
0x2343C9B822BC78Dd9E3E34e6607000487eE96504,2.50
0x237530cd90bFDB437965D5cD1cdf6B085941B106,2.50
0x23B9aC3c769F18B5B1f20D6CdB1A0FC759Bb60bd,2.50
0x23ceDcf4D97E18fCC42f2f575ED97f23A2AEae54,2.50
0x23D92F7A6826dd4F5Ab0f6Dc14f5C92aFFd20aa5,2.50
0x241e25c9d15b5E7FB007B5E028C4ce8694893870,2.50
0x246c10ED2d810634D5D5D6f3d52F4d90D3717e17,2.50
0x2478497d75221934DEA6E8aE36DDC8ca60535b0c,2.50
0x24b3e9984Eb93c207BE67Be0b632A24F07a0703F,2.50
0x24fB60aE0c92273940f7078d0016f3271C4e5eeD,2.50
0x24Fe69fF072606034757D886AA7E37Ae9c032C15,2.50
0x2511993F222cFE6d711a11b220820F7719d15091,2.50
0x253cDbf3F555096fe95926c3b0aF9Ed6F61B7131,2.50
0x25bFC2D3AB9d6eF0b0C93dC8a528B81F483fb586,2.50
0x25E0FBc652CfC890d308961b7D34c08d109A491B,2.50
0x25FF7Ef04824d07857B14d530777204546cCc3EF,2.50
0x2619b13762Ed4780c82977Eef619D4199d27431D,2.50
0x2619c649d98DDdDBB0B218823354FE1D41bF5Ce0,2.50
0x261E1fbc2D5c7200De55289Dfab9EBBC5fD585be,2.50
0x265581cD1a2Ca681E212b38dE737b42fA6c7c777,2.50
0x266e9b3Dcf10E393db54838394f49172dC19d3f7,2.50
0x2696170bf5fD36320c3932fd9e85fe5b798385FE,2.50
0x26a0f3138da95059416908264Ea76adB576Cf236,2.50
0x26b3eF0eb9A1ABe67bb26F8b526028A9CC8FD963,2.50
0x27206d2F8506Bbf5497405d63B42e0b3F96D4305,2.50
0x27629B5d175E899a19eD6B3a96016377d5eE4768,2.50
0x2766F8eCF6167720f7F36703467E6ff5aA05B887,2.50
0x27773b203954FBBb3e98DFa1a85A99e1c2f40f56,2.50
0x27F8e0975E5264523884746B60e9d1763E4d7Da7,2.50
0x2827eCA32F0f0Fd9774617897a874A6f126a4345,2.50
0x2836545d6E07E9E96A9B622a2E5f4787eC9Cc2Ae,2.50
0x289b9ae68a62DF709382c2d0B8dbadAF61816AeC,2.50
0x28Cd26d85b4ac655A489Aa3f259F81283BD1A804,2.50
0x2968eeAf2124155df04daE9Dbf95322E21A86621,2.50
0x29864e4d1588C4164DEe7cc495147Ec141f9c9d5,2.50
0x29d517bD99123574f1E91358215c41B6bE24e59f,2.50
0x29dF2D149B7a7356ae719a690381385847127487,2.50
0x29FACEEc357d9747Fdc909908332007868cb0380,2.50
0x2a1069c70Efc9BB61dC2eF0Ec6399d39E63D89E0,2.50
0x2A312e444b7eAd3E899Aa0eB24590dF9bA1d54Cb,2.50
0x2A3235B5807d5FceDF9249E23c0Bec0dCcB782c5,2.50
0x2A8C7C21F3c63D9CD19631AA249f9954d0d80069,2.50
0x2A8fe25896fCcE82C49c2Db923aBFA4198Ad3394,2.50
0x2aA33413Eaa4D1F43A78C36C8D00f6977bb06051,2.50
0x2ac54271ac951099798c01BF584Dc31c8F67b04F,2.50
0x2B1a6dD2a80f7e9A2305205572Df0F4B38b205A1,2.50
0x2B2fbd100f2ED949BE6600906eCd5501BE6fF0de,2.50
0x2B4Bbf36bc7367968d4C79061cF52290980A090e,2.50
0x2b58C475f9917Be368E153cF489E2310e3934d29,2.50
0x2b6F63b74660ab40E6d2f73A9adb37c3F08De4dB,2.50
0x2B7952c3F442Eb8BaA069f90bF692Facb52890a9,2.50
0x2bbF34c5EAf9498c88c9d1cd04F3885da53670B1,2.50
0x2bdaA45F602311350E891E1e4e619cc845990f9F,2.50
0x2BeaB5818689309117AAfB0B89cd6F276C824D34,2.50
0x2c03b284FD1bdf8c652afF028d25E03D659b6F89,2.50
0x2C047B119439326b8664437Da5D8054264B5FEaD,2.50
0x2c0d351e5B58722676da689A4C2b7cfe68A6052E,2.50
0x2C6EA96FE4a0d84380B051416f81c7be54ba53fd,2.50
0x2c7372d3bb549c5238bf6df0110E96114Bdb2f0e,2.50
0x2C8BBB34C9b98EdF907Ee08599FD8407ee5Ba284,2.50
0x2cC39cefBa8765bE0879e752aa97E2D3D41e7bC5,2.50
0x2D0E24B8533F7036ff77e5A3d42C8AE6942A539F,2.50
0x2d1C0d03EfeBd916346927E465D38556c832EB81,2.50
0x2D5803Cb5Cb2Bd90eb242e0162AE5E25B7a31b39,2.50
0x2DC03Fe79f30c9633b9185ED723dE1B02b5d72D2,2.50
0x2e37691D9aCf83E274Fa352FB0e0c56Da7f13F16,2.50
0x2E464670992574A613f10F7682D5057fB507Cc21,2.50
0x2E4fdED06ECF96651A2D3Aed1EC1b36F92f0e803,2.50
0x2ECc5E1f33dF963f8164B46B4c342695d87e1F16,2.50
0x2f1Cd4d242A59df7d4F3B39ac68721AfBa58BC24,2.50
0x2f39D00a1fc21F2Dc9EB5671147c7AE98f254b6A,2.50
0x2f50afcBCCbd3A787ab7003FBcc296Bb3746a704,2.50
0x2F5E8148B7E72De72d46b180581B1BFDabf6900B,2.50
0x2F7367B7AD01deC04eF49336859EA9974eE1c9e0,2.50
0x2F9e113434aeBDd70bB99cB6505e1F726C578D6d,2.50
0x2FA2cb6E27515De20d6d918b8C4E48620d966Ab1,2.50
0x2Fb523a295a3b194Ee24Dc358BA98865E61Af6DE,2.50
0x2fd593d8621941dA7d6A7cD907Ed849FaA036134,2.50
0x2fF976C27088Bb1Dc3dcB1D9d8Ca6c27e664739D,2.50
0x30734D5AE63a2F368aCFB3D3A15E180169254b8a,2.50
0x30752234975640cC548d70CAEc3DFBF64fED80A4,2.50
0x30b4a5477314e3FbD0C22D6Afcd71EeCF4d9D22F,2.50
0x30BCD2e90B3C05e54446568d823408B2ddfa7A01,2.50
0x30C1996ce32BCe9f02EF8DB7F27BF08E39c224e7,2.50
0x312f66aBc66dCc11f6A2266BdB860858D1F7A253,2.50
0x313B556bF14A2fb45A5E0aBE876dfC59fd75b6AF,2.50
0x3140c934fEB4bB7575cED87B40cD78096130B81B,2.50
0x314618a937f4f443Ba1700222AFc1518F3238480,2.50
0x31cd90C2788f3e390d2Bb72871f5aD3F1a4B22a1,2.50
0x3202419Bab4588ee3C8E6853105469a8a54EBE1c,2.50
0x322Af0da66D00be980C7aa006377FCaaEee3BDFD,2.50
0x322Ca5C9303d52B9D6B25eBDFD774b7A324349B8,2.50
0x32475061999F3B1b56fD70B70fa3c3b236fD0a22,2.50
0x327aCcdC95E27687603Bc842cA341E4c49421615,2.50
0x32bea430631db4E416900dB332f5431D265a954a,2.50
0x32CEf996a8901743d26a900dA9f042689334413f,2.50
0x32dCd2282C5A40FD9351a3d81e6c3E1Bf7e6281A,2.50
0x32F98e27AD56B247B8672972dB3b32d0f3520e57,2.50
0x330A1b029a0C41b749B43274c992D535d714Bf2c,2.50
0x330Ff598A8C8DdD8ca2CA0845a8f6c4b374B7D1f,2.50
0x3342bF75b0A729F3DaC4Cb9A4D30427035789054,2.50
0x3368f611E17Ee830174ab81A3E49Aea5f7E64a2A,2.50
0x337FFC44C4debeBE426Ca294a213da3c81cDc86d,2.50
0x3380F609Bab2237ad625AE603AE848B04d11480b,2.50
0x339D6BFEeD0c66D7865C3d4e07F96437b4C4196E,2.50
0x33d0BBd05cf3C7E040d33bc1F338585A087e5Dd9,2.50
0x34744Dd0Fb927366228A2eAee0D142620FF26077,2.50
0x34AB7bd20f82cA4f76E53DA927d1eBE9318bBfFA,2.50
0x34F2aC6A80F919Ba9352B6C5f9C2e1E0814e6a7f,2.50
0x35041536c5b661C92Ec4A413aF4AF5F1Af2d3e0f,2.50
0x358a7107fB497d96F406E8D807acC32AEe1d889a,2.50
0x35f7f29F154A28674c8a50d435384744B02Cf42C,2.50
0x3619e997282dB249B8675703783662f3beC49f88,2.50
0x362B7e0599E950b921ca9D86336ca409208FFDEC,2.50
0x36410Ae136E07Af5C99ccF97C8E9398558f82B54,2.50
0x366e58737164430AF4AEd2856840be9BB148BDC7,2.50
0x36856920bC9e2c803Bf00a751cdC83c35269ab9e,2.50
0x36c59fD7b96e19D159b372BE897a9951f8e24D6c,2.50
0x372042bB33056FC5D878BFE7274d8c7d85Ce9Cc7,2.50
0x37279db300D5508925D51Cd94eBf58760E8B3302,2.50
0x37294aBF3F7006B30D9E5Ea03A517862546eDEEA,2.50
0x37536527a5984854382257991Fe1FB828a266645,2.50
0x379aC695fEDB8D351dA25f7C51bE402557Cad3C4,2.50
0x37C30a88305Ad70aEEF66c16DF6a32fB46Babb38,2.50
0x37EDCc3A545F148706086d61507fC27e98990E3e,2.50
0x37f4Bf571e60e37C37C553EA5A73a48D58f42991,2.50
0x386b4ba873a4f423Ca28A4DF1B2347ca949CeD0e,2.50
0x38AA90C5637747aB5f137e389685f76386747098,2.50
0x38dAEa6f17E4308b0Da9647dB9ca6D84a3A7E195,2.50
0x39138f92CC1553CD216A1273Bbe408aaff90ee5E,2.50
0x3994537274f3fF3eefc413E0D669b05D6446D46b,2.50
0x39bEb60bc4c1b8b0eBeEDC515c7A56e7DfB3a5A9,2.50
0x39D4cfb24b6431297b62BcFF03748F21e2617D7a,2.50
0x39dfd20386F5d17eBa42763606B8c704FcDd1c1D,2.50
0x3A00Ac02BCE2499C40519be4DcCe93ecE67aC0Ad,2.50
0x3a86E9C1947f9ff49Abf2bCC3301008165636a5D,2.50
0x3A8Af31D3cFE775172853528167bb2b5760bf7b9,2.50
0x3ab6624F91f667c8206A78E6e2B5754EDc7b5c71,2.50
0x3B049B4239D6ffAC637b151f9f48522FBb21e260,2.50
0x3b9072DfA8B30188aCf96E57D87B1E6E1c028B8c,2.50
0x3CbdA54c6dC2858c44dD35Dbdbe83F9f4FD7475A,2.50
0x3Cc6D1E3AD9D525766b178CF9b467Ca28BC069fA,2.50
0x3cEE757937eD64735740bF5D0Ac4bE404aD48Ac3,2.50
0x3d05D1499F1660517B0F710f2b7278373482ee96,2.50
0x3d09a0df89c2AB9BEC05e3ed5cCc44Bf8413fA41,2.50
0x3d6CeD303F03c0F5f30164BC4969914a0232a665,2.50
0x3D8C42FaEB85C530EbC3a0045aaAD155DC657a50,2.50
0x3d951B9D72cf8862eC8C3810f855a171762A78E5,2.50
0x3d958C62b36e01018644538Bd1998C1E9BE1dDD8,2.50
0x3Db5858fd4563bB40205eFCC472A15424d05eB0c,2.50
0x3dD3e6e190E5cFf0856dE30bf63924dABDf51264,2.50
0x3df13B9bd79158f0cccDDd0833cF774178e3d2e9,2.50
0x3DF76920C0423f88e2809913f20f888Ce31fEEE6,2.50
0x3e6Af7430845e430F49D7c8D0217540F0b012f99,2.50
0x3e6c23CdAa52B1B6621dBb30c367d16ace21F760,2.50
0x3e6C38Be1376B0307254Ae6afE07588680D339fE,2.50
0x3Ef673a5990feC29f0692349Aa6C27F8bf13D1ee,2.50
0x3FAD8Bcd2AEa732d02a203c156B19205253F2a06,2.50
0x3fd2E00db399db1b83A1c2A4D1c908C376e42d76,2.50
0x404d5285120aA7f5932dAC8C6eBB50aE2515815a,2.50
0x407d331E0EaFF0B315820BaAC2F753A3105d62ec,2.50
0x40fD1784F1d94abE030DE9A4012a171927e357c5,2.50
0x4115EF1B6573d3EF401d32F370B2632E57b8c0a8,2.50
0x4122b39867F694da429c9BDAd0C778C9E4190a54,2.50
0x4124Cf34f56fa151E05c91aCE550ADa0DD5aABD7,2.50
0x415B3C320887Bab53c0913BCcaccb2cFC6997901,2.50
0x418757a74931074E69d639A9b9d57f33aBa3B3a8,2.50
0x41e7e3FC64C31C7968E375C86182222a494eE234,2.50
0x421f223e19877D9765Ecd6e8EC4812457229B36A,2.50
0x424C1eBfa024EB38Fb83E314982193aBd2818Cf3,2.50
0x4271B13727994c0A7D27bd536D612E1A82569A8f,2.50
0x428e530CA5Dfa468bB32E1e78C2164081A7A291F,2.50
0x42901e20b0679E0a618d43dE9f1dF8f0691F3966,2.50
0x42c74CD4fcDE50e25b0fb506AD89F19FaD08F0D6,2.50
0x42E3b2B9969308C2FA6c4B71f6a13762e3136a1a,2.50
0x431D47eD942f1c3ad7bd8BA43C47A5afB50C657C,2.50
0x432Db58316D883F8C3eB0e0C26ab047cBa0E32Fa,2.50
0x434d36F32AbeD3F7937fE0be88dc1B0eB9381244,2.50
0x43804905C02f551ec5420A88005Bc66a1BAF3ab0,2.50
0x4408E2d87e317a5A4086b5Ac1E983F510B082A5A,2.50
0x4419ecF691Ac35A231789d2c776976595703dF90,2.50
0x443B53116E67a16C417932F9Ef2c8F9D5d747259,2.50
0x444FE7937Ada28966c51C3eC6673Caf114441069,2.50
0x446B636d7135bFD0350995d8800a014D316411FA,2.50
0x4475FD456140b28944e322e8CC4B1740f161c7dA,2.50
0x448Aa36A0C9151D56b03a6e242887d16d23108C2,2.50
0x44b679DF5CEcD2f87584db73022052f35532B622,2.50
0x44c4A3061c84ea28Ff4EbeA0Dad7c876493AA7b5,2.50
0x4502472bBD8aF98844b21efa8B8cCC8b3b5BA316,2.50
0x459dA68FBF9e09c30ccDaACC377dA70F4Ea7bd27,2.50
0x45A5F6C9372ef4644f5C45DAb0b1A7619F4cF981,2.50
0x45aE35c38c977C7D71d32EDBDd2779d6c32f75aE,2.50
0x45CcFE16bC2AC8CEF704a7236fEf3E5f4222dE15,2.50
0x45Ce39208Ea690f6E128464e3ded6ea8ECE0BF41,2.50
0x45d02d9F7342b5881Cd4A1667eC8a24FB727D0a1,2.50
0x45DaeB5985DE2E794dabA133D90C042867011d78,2.50
0x460331769e896Fe71AE569124AcBd17eEab2d4cB,2.50
0x461CdE402c6b945036df1b49F2703fCa22B23d7b,2.50
0x46295302252aD1fE561B35542669BA8fEA22Cfcc,2.50
0x467Af859BDe493bB01f96CB7Bdb1f9c2c8745653,2.50
0x4682E8C04b4215dDf01a110554905f77AD0C9B3d,2.50
0x468f4C726c5da2f8fb97C483c56d7703c18545D6,2.50
0x46a3719D303CE537A75E1c031010be71697321E2,2.50
0x46C9dBBb795D1E87756ad128b050a3846b8b560A,2.50
0x46ce8a19D0e458124A3d37A7fCAEf3a1C13819ab,2.50
0x46F03D3434357C46bC377BFDaD920C6E0C749525,2.50
0x46F8351307482C162d7267F0fe08d5efd8Ba3BF1,2.50
0x470579d16401a36BF63b1428eaA7189FBdE5Fee9,2.50
0x47557470450B4645f5f3eC06a7a384C7ceeCE34f,2.50
0x475da2577929064DFdE1f7aF35fB55C1d0C055A5,2.50
0x47AD0612531f27ceE97ac1566dEe5b3b432D9F4B,2.50
0x47d80912400ef8f8224531EBEB1ce8f2ACf4b75a,2.50
0x480cDD88FFb5a1ec04bE533a4e272c9994820DE3,2.50
0x4839460F05b2a8fC1b615e0523EbC46eFba75420,2.50
0x4872A7C0CAE3BA97936C12457a11476A2ED7008c,2.50
0x487B1a1055142a9FDca26A51e790DF4bF3eF8316,2.50
0x4883ffDf2Ae8f2E6F97AC9B7fa4Df38131f41Ecd,2.50
0x489dd702a6F45E6C22D332C2E1534c6176F2dCdd,2.50
0x489E52AB06D2E5cD68Ab12918813470E5ad776eb,2.50
0x48AcaF117925425C572603EEEfEE48F6b2181DFD,2.50
0x48Ed4f7D59be544F0D9bcb8C487A26bAdbf04137,2.50
0x48f64DE392581170695a74139512BCbc3913c9B3,2.50
0x4908feC546997A691B8bfde3Ac9a06a26E970DAC,2.50
0x490eE9a3dfe5fa4c65A4A65B3fe178a3c12398a6,2.50
0x491E7F5c708Ad3F64612Bf1937eBd58166D8df98,2.50
0x49bd56B275395130B41D67E1304b2d49F8A88725,2.50
0x49c53256D8925e294EAf84032Aececa19dA66f2e,2.50
0x49CA0F6A3AcDB5e0053A151a06F6c48a2d512A2D,2.50
0x49cE05EAf49ee7900547d969B37870DF9c9Fa751,2.50
0x49E53Fb3d5bf1532fEBAD88a1979E33A94844d1d,2.50
0x4aB65FEb7Dc1644Cabe45e00e918815D3acbFa0a,2.50
0x4Aec2451c746560F7B6baDbaB3eC988497218a6D,2.50
0x4B162DBa01943Bd8CD8af668bE72fB769999aC83,2.50
0x4b63E4F6182433725Dd0CB3Ac5057bB427Db1C39,2.50
0x4b84864C085c27f50bDeA25671E045d6039bcC00,2.50
0x4Bb12cC382E36B4b6faF7BDcA7708969Aed258eF,2.50
0x4BF1a55e17b06C2af46626d57B54684901C93aFB,2.50
0x4C804Dad55f6C3B9c690EF18de77aa535F925aaF,2.50
0x4c82cfF7398f3D43b36e41B10fF6F42b14DD9385,2.50
0x4CbBF33F4CFAaA8a467059a97eAA1B2F8521895C,2.50
0x4cD6c09bF21fB887C04eC741690Cdfb1F72b36B4,2.50